wall_ms,sse,stage
133082,38.73967527143775,construct
150570,36.22914574294796,schedule
152725,28.979897534932483,schedule
153510,28.89442606478696,schedule
154123,28.862883826063566,schedule
154787,28.283773133211948,schedule
156081,28.181934974531583,schedule
156781,27.364725266863292,schedule
157514,27.364691322907447,schedule
158028,27.27530296181379,schedule
158588,27.275296733245064,schedule
159185,25.442680749301257,schedule
159797,25.442671958786384,schedule
160432,24.254153199089544,schedule
161115,24.14169222893623,schedule
161630,24.072816128944506,schedule
162238,24.06963522002849,schedule
162737,24.049169513068847,schedule
163241,23.957930063623724,schedule
163734,23.709468765470568,schedule
164341,23.70816874725429,schedule
164831,23.678920856160158,schedule
165378,23.67655382936894,schedule
165975,23.629077897734877,schedule
166632,23.616650514260147,schedule
167261,23.593323277773173,schedule
167860,23.489769775964906,schedule
168534,23.420900654964118,schedule
169146,23.387378902809157,schedule
169654,23.360443578963114,schedule
170319,23.141420749291044,schedule
170963,23.114006772796014,schedule
171669,22.995074411432693,schedule
172343,22.99506226715104,schedule
172931,22.745911271319482,schedule
173589,22.7459104317763,schedule
174062,22.737166087488607,schedule
174691,22.707145225988327,schedule
175342,22.55197508944926,schedule
176108,22.484518431373445,schedule
176743,22.454919839282073,schedule
177358,22.321176769332453,schedule
177889,22.23878880701839,schedule
178470,22.11450855970331,schedule
179040,22.084403390938903,schedule
179609,22.08330119942186,schedule
180183,22.058400442195403,schedule
180768,22.052369247060295,schedule
181339,22.043673178116656,schedule
181901,22.024985880135304,schedule
182560,21.812236973118488,schedule
183173,21.795055615789376,schedule
183892,21.79415683274209,schedule
184430,21.509124433659274,schedule
184977,21.49840063362531,schedule
185553,21.431244264340453,schedule
186120,21.410829053370115,schedule
186735,21.395243888949754,schedule
187305,21.392306787191156,schedule
187887,21.310900181782028,schedule
188718,21.195701821807763,schedule
189229,21.188091107458654,schedule
189822,21.12654357861418,schedule
190493,20.929867977608115,schedule
191091,20.929188156989976,schedule
191675,20.91998379674404,schedule
192312,20.847047282900693,schedule
192977,20.81956153945985,schedule
193537,20.818332171267155,schedule
194212,20.77414558050256,schedule
195160,20.773122263975836,schedule
195713,20.739091729718684,schedule
196275,20.622721088574934,schedule
196992,20.60027986236185,schedule
197726,20.491851758134942,schedule
198248,20.45807496968171,schedule
198911,20.450699443631954,schedule
199448,20.4329814351344,schedule
199948,20.432248157835723,schedule
200502,20.427329041775327,schedule
201097,20.41662227656268,schedule
201805,20.398676599375907,schedule
202392,20.390090924809446,schedule
202976,20.385807726080117,schedule
203701,20.372876270188428,schedule
204221,20.359959459672943,schedule
204785,20.35860424687739,schedule
205753,20.340111969842336,schedule
206333,20.32839245204042,schedule
206833,20.323711265672028,schedule
207402,20.31546408423666,schedule
207932,20.308745231971738,schedule
208520,20.30548538716494,schedule
209122,20.3012177126207,schedule
209730,20.301217527562535,schedule
210307,20.300596081533694,schedule
210859,20.29663493885596,schedule
211442,20.28080411891426,schedule
211947,20.27780787690149,schedule
212634,20.232221848292944,schedule
213240,20.091031261929825,schedule
213855,20.08592457761481,schedule
214576,20.070041624188775,schedule
215146,20.06731842523414,schedule
215652,20.055839402877137,schedule
216127,20.031337018016742,schedule
216696,19.993731975873754,schedule
217222,19.968678645961546,schedule
217822,19.915734713937322,schedule
218442,19.896467869644184,schedule
219204,19.87243677761152,schedule
219816,19.840687428524294,schedule
220399,19.83923453096394,schedule
220922,19.82212514430449,schedule
221450,19.82099639526653,schedule
222069,19.81993648203639,schedule
222669,19.815893953436234,schedule
223193,19.81340076817364,schedule
223810,19.808394537388494,schedule
224312,19.786585276703015,schedule
224884,19.785718044760777,schedule
225420,19.78346593801914,schedule
225974,19.782604459747645,schedule
226739,19.779364386158488,schedule
227240,19.77822409926129,schedule
227813,19.776178208020557,schedule
228514,19.773431848552907,schedule
229094,19.771909715746876,schedule
229621,19.77010844732455,schedule
230238,19.76940530344749,schedule
230891,19.76414639467035,schedule
231439,19.763020093323906,schedule
232355,19.721877270993154,schedule
232901,19.62582928976797,schedule
233481,19.61913143542043,schedule
234021,19.580716923686907,schedule
234868,19.3627423245525,schedule
235481,19.360009772551074,schedule
236059,19.32370094936128,schedule
237054,19.278971502043266,schedule
237861,19.256929037875075,schedule
238525,19.13067076286978,schedule
239289,19.12687256446515,schedule
240247,19.119636268046886,schedule
240881,19.119199605500487,schedule
241497,19.113173834699662,schedule
242087,19.11307168909243,schedule
242688,19.106232332752526,schedule
243331,19.102585256085966,schedule
244039,19.09413094268327,schedule
244851,19.089373695838223,schedule
245597,19.02824945848702,schedule
246192,19.028104309912802,schedule
246891,19.0227766040289,schedule
247534,19.0211092408397,schedule
248113,19.006445762610145,schedule
248711,19.005287954205375,schedule
249370,18.998134678871235,schedule
249946,18.996021574988813,schedule
250610,18.99523448296694,schedule
251200,18.995042099051215,schedule
251697,18.99200219150801,schedule
252197,18.99175443574002,schedule
252803,18.98615355297315,schedule
253339,18.973601093875764,schedule
253917,18.970970097263223,schedule
254517,18.9709701353882,schedule
255078,18.961483666232706,schedule
255754,18.955826773152587,schedule
256357,18.944196917913384,schedule
257009,18.941578108833898,schedule
257653,18.866983250096908,schedule
258310,18.755340444416998,schedule
258918,18.69668401075464,schedule
259599,18.691554045032028,schedule
260150,18.69133041201456,schedule
260687,18.688585046669523,schedule
261292,18.687092447909876,schedule
261919,18.68023478477741,schedule
262604,18.679887845863096,schedule
263215,18.678596163897748,schedule
263815,18.678062369881197,schedule
264407,18.67763630257325,schedule
265012,18.675059050431575,schedule
265674,18.66394238135195,schedule
266336,18.650779865919603,schedule
267519,18.611641742030084,schedule
268523,18.58407100651673,schedule
269240,18.579483121163015,schedule
269766,18.552712507410845,schedule
270297,18.551554913487852,schedule
270920,18.545275888376647,schedule
271556,18.528869424901217,schedule
272180,18.528013559048354,schedule
272815,18.526241902099454,schedule
273400,18.516929483750154,schedule
273978,18.5069174615384,schedule
274556,18.48763683876302,schedule
275174,18.485250373359104,schedule
275935,18.48080491152761,schedule
276476,18.459278627871136,schedule
277042,18.439088850208297,schedule
277609,18.424395195733794,schedule
278140,18.419608679841346,schedule
278775,18.412047612574636,schedule
279327,18.39440951617269,schedule
279938,18.391148030494133,schedule
280513,18.38476197887347,schedule
281115,18.377484146095696,schedule
281673,18.374260479006537,schedule
282249,18.373989525836112,schedule
283040,18.354772946118146,schedule
283546,18.351961572965287,schedule
284232,18.341246842194323,schedule
284801,18.314150418125294,schedule
285403,18.299080233693246,schedule
286104,18.294892376010317,schedule
286760,18.291516589369984,schedule
287374,18.29115855515212,schedule
288081,18.28403883235982,schedule
288689,18.28341116762527,schedule
289189,18.26859679152604,schedule
289711,18.268316675562414,schedule
290332,18.266207466278463,schedule
290877,18.2651254490235,schedule
291404,18.26377865197791,schedule
292017,18.260196849268066,schedule
292604,18.258790173315173,schedule
293138,18.254296404159074,schedule
293709,18.253908687480184,schedule
294248,18.25296241639325,schedule
294818,18.250728598476915,schedule
295396,18.247652054863007,schedule
295929,18.24441443492803,schedule
296621,18.242984933729023,schedule
297189,18.24154264010073,schedule
297746,18.234349468364503,schedule
298301,18.234076405369052,schedule
298824,18.229938459008572,schedule
299335,18.227980937776632,schedule
299909,18.226540120771894,schedule
300485,18.226003487084085,schedule
300995,18.215098299512853,schedule
301533,18.21224512330678,schedule
302076,18.21214342498813,schedule
302806,18.12917361641806,schedule
336563,17.126315736313938,schedule
351107,16.845086316167784,schedule
442611,16.84347439766038,schedule
444077,16.83075687519856,schedule
445333,16.618945071371368,schedule
445941,16.618939796639413,schedule
446747,16.606882727555163,schedule
447272,16.605462472553924,schedule
447843,16.60249790916197,schedule
448369,16.594440308497543,schedule
448995,16.59324013192753,schedule
449639,16.591549799991878,schedule
450224,16.57500798615945,schedule
450750,16.563890333909637,schedule
451309,16.54837660588562,schedule
451910,16.506077744290128,schedule
452539,16.500218382141515,schedule
453440,16.488818539525866,schedule
454802,16.481416965990856,schedule
455727,16.43024255731699,schedule
456373,16.405500625810493,schedule
457203,16.377612596150485,schedule
457820,16.35459043710781,schedule
458393,16.325971494186824,schedule
459063,16.255801653387763,schedule
459865,16.24667208677337,schedule
460489,16.232421170664043,schedule
461245,16.205266304934966,schedule
462248,16.20511140930355,schedule
462867,16.189584032319832,schedule
463562,16.18790124009225,schedule
464186,16.184360403021746,schedule
464945,16.17943235753461,schedule
465671,16.159698387725967,schedule
466430,16.151207939016807,schedule
467179,16.149792879800362,schedule
467866,16.14683282535457,schedule
468503,16.06849427159651,schedule
469180,16.05672242533263,schedule
469881,15.971377405736717,schedule
470660,15.971313563847588,schedule
471144,15.968911510117476,schedule
471740,15.95881567831838,schedule
472376,15.955826626038963,schedule
472957,15.944364260178837,schedule
473541,15.932581322867016,schedule
474369,15.930299206107268,schedule
475052,15.928149195321144,schedule
475925,15.862769691195426,schedule
476532,15.855635105184938,schedule
477086,15.85168483274327,schedule
477666,15.850379339493394,schedule
478209,15.849596057076138,schedule
478824,15.835954728563589,schedule
479396,15.834814990639703,schedule
479939,15.825014046349485,schedule
480486,15.81979192254345,schedule
481018,15.818737244634264,schedule
481566,15.815833081585222,schedule
482163,15.806826397045974,schedule
482628,15.80598555070235,schedule
483211,15.79889621698399,schedule
483758,15.796794253379948,schedule
484340,15.796277691283588,schedule
485015,15.786780845919148,schedule
485570,15.783740112686468,schedule
486157,15.783087816270347,schedule
486875,15.77068488425015,schedule
487668,15.767834387689195,schedule
488272,15.76515037249835,schedule
488797,15.761455040306904,schedule
489433,15.748648776199019,schedule
490080,15.738221257803405,schedule
490871,15.737721191834618,schedule
491475,15.72907751690361,schedule
492036,15.727869673992348,schedule
492650,15.720396651218742,schedule
493193,15.716576299210885,schedule
493719,15.712491890470226,schedule
494275,15.710030346176929,schedule
494833,15.70705279593401,schedule
495400,15.685511941051923,schedule
495959,15.676487172425901,schedule
496569,15.675933964791152,schedule
497203,15.675376978234127,schedule
497873,15.672846705257367,schedule
498461,15.6709158383844,schedule
499015,15.670198685190758,schedule
499561,15.666819207804485,schedule
500114,15.666664739757008,schedule
500765,15.666129350000391,schedule
501316,15.665806907018956,schedule
501947,15.665716636769671,schedule
502562,15.665716650611044,schedule
503113,15.664639972388683,schedule
503655,15.664247767509652,schedule
504254,15.661897358531716,schedule
504848,15.661333366678656,schedule
505707,15.607814658101619,schedule
506753,15.605656541842963,schedule
507312,15.594896584302065,schedule
508098,15.566068175149967,schedule
508657,15.521007399874323,schedule
509202,15.516140354665081,schedule
509782,15.477865281265558,schedule
510678,15.464328028486293,schedule
511501,15.463935990289219,schedule
512044,15.463466982262101,schedule
512669,15.461015678829817,schedule
513292,15.46093626472111,schedule
513966,15.45982929282619,schedule
514623,15.45877797812729,schedule
515241,15.45315477890513,schedule
515909,15.451679337727473,schedule
516633,15.4439447181258,schedule
517182,15.443636930181905,schedule
517794,15.442546624771223,schedule
518391,15.437710489043686,schedule
519060,15.437481516986843,schedule
519637,15.4369212687544,schedule
520186,15.436228191323561,schedule
520755,15.436048399508113,schedule
521356,15.434786883139106,schedule
521885,15.43362879552763,schedule
522441,15.433040590174338,schedule
523035,15.412552951219222,schedule
523598,15.412292697492877,schedule
524152,15.408724956436416,schedule
524789,15.40811562082316,schedule
525391,15.394481530663704,schedule
526091,15.392183959817881,schedule
526804,15.385095443479608,schedule
527413,15.382597687700796,schedule
528085,15.357643698961825,schedule
528870,15.343654299561852,schedule
529442,15.3381152418184,schedule
530021,15.33805809652894,schedule
530609,15.335470784041377,schedule
531202,15.333682372275241,schedule
531805,15.326139529160358,schedule
532388,15.325687740753404,schedule
532953,15.32528930004552,schedule
533640,15.324963164100359,schedule
534318,15.32211458753867,schedule
535038,15.320225658847598,schedule
536866,15.301866993555882,schedule
537385,15.30072129286694,schedule
538014,15.295580153501936,schedule
538844,15.293529352904146,schedule
539461,15.286459311219856,schedule
540132,15.275948734590978,schedule
540755,15.275870349892468,schedule
541491,15.275677290128971,schedule
542113,15.264402635692733,schedule
542784,15.260867501960838,schedule
543359,15.251814563268645,schedule
543853,15.248710462987553,schedule
544555,15.242355048620198,schedule
545168,15.242216431313516,schedule
545819,15.240699080312272,schedule
546470,15.237180128699588,schedule
547069,15.234159114333732,schedule
547699,15.210821784767468,schedule
548333,15.200227688370827,schedule
549052,15.194405833154855,schedule
549675,15.191344210804068,schedule
550376,15.18226232450902,schedule
550970,15.17375760975079,schedule
551516,15.171911157061118,schedule
552070,15.170853567810347,schedule
552647,15.165184195873632,schedule
553205,15.161710991895676,schedule
553789,15.161275420108554,schedule
554379,15.15726652900694,schedule
554890,15.150372012046205,schedule
555456,15.150094133647668,schedule
556009,15.13758081502906,schedule
556609,15.134164145465677,schedule
557220,15.132864335024681,schedule
557846,15.130466899013971,schedule
558563,15.130150534571229,schedule
559147,15.128606272140694,schedule
559760,15.11892145457088,schedule
560350,15.116637726100471,schedule
560899,15.112339405240823,schedule
561472,15.109757418010284,schedule
562222,15.109269919850641,schedule
562801,15.10926768620296,schedule
563409,15.106734090078305,schedule
564022,15.10672222796235,schedule
564779,15.059525618576838,schedule
565367,15.053372138651756,schedule
565912,15.052770087112247,schedule
566568,15.042919933204171,schedule
567179,15.02210298226149,schedule
567802,15.012842538538713,schedule
568414,15.012841770632804,schedule
568984,15.012209907293805,schedule
569545,15.009405801471843,schedule
570144,15.007057459459283,schedule
570787,15.005714103536373,schedule
571518,14.963186622469438,schedule
572027,14.962301404056177,schedule
572682,14.96105724878403,schedule
573227,14.951288145879023,schedule
573864,14.948539572864728,schedule
574522,14.947948481079088,schedule
575088,14.94790130082907,schedule
575684,14.947642153031175,schedule
576175,14.940866200403178,schedule
576740,14.934770906229023,schedule
577280,14.930913856179949,schedule
577856,14.92767086192967,schedule
578456,14.925942849027816,schedule
579021,14.923590485375085,schedule
579631,14.91890475218511,schedule
580337,14.918598304297387,schedule
580902,14.911120437911816,schedule
581518,14.885481009860342,schedule
582068,14.885199551640547,schedule
582749,14.884637623608224,schedule
583312,14.88221292176706,schedule
583903,14.874966093982241,schedule
584450,14.87193551311142,schedule
585036,14.857372093552787,schedule
585770,14.854927943678991,schedule
586352,14.850603426540394,schedule
586857,14.849107635261541,schedule
587483,14.845159875613202,schedule
588090,14.844379660495292,schedule
588654,14.844130220662503,schedule
589258,14.83787161031674,schedule
589785,14.835999753838227,schedule
590339,14.835572620283212,schedule
590880,14.834513470507684,schedule
591501,14.834418929590132,schedule
592129,14.831589099119867,schedule
617635,13.702679968402057,schedule
630471,13.667944720853809,schedule
631221,13.66597970393463,schedule
633530,13.665971627995324,schedule
634381,13.665928260435079,schedule
635303,13.665617060650769,schedule
635914,13.665272586369229,schedule
636546,13.665272113234979,schedule
637349,13.660362045845757,schedule
637907,13.658487645243936,schedule
639251,13.658487208606116,schedule
640214,13.63425155929441,schedule
640800,13.632665949318492,schedule
641940,13.632665548225242,schedule
642930,13.63174104242192,schedule
643805,13.631093815627532,schedule
644990,13.630827255923139,schedule
645809,13.62613265978324,schedule
646566,13.619504699556012,schedule
647502,13.619365190406418,schedule
648103,13.603418544179954,schedule
648976,13.597234673282275,schedule
649706,13.572382118109031,schedule
650614,13.571847175766871,schedule
651237,13.564868415212848,schedule
651864,13.560968776935548,schedule
652853,13.54895984096867,schedule
653484,13.548727033727427,schedule
654429,13.54820931194585,schedule
654947,13.546799778520674,schedule
655481,13.545807708168025,schedule
655981,13.541367941225369,schedule
656578,13.53804914532556,schedule
657197,13.536672422913513,schedule
657746,13.536119065637255,schedule
658247,13.533621229615257,schedule
658856,13.532939042082143,schedule
659432,13.531311654037944,schedule
660052,13.53059539714704,schedule
660588,13.529843144507538,schedule
661215,13.529113995359218,schedule
661735,13.528470441405101,schedule
662295,13.526229560837614,schedule
662876,13.526226513362968,schedule
663561,13.523082707967468,schedule
664543,13.518108673412431,schedule
665321,13.514410256873532,schedule
666118,13.51324370955421,schedule
666773,13.51021923841338,schedule
667426,13.509032088969148,schedule
668052,13.506070047307619,schedule
668605,13.50503529641346,schedule
669180,13.501178319838825,schedule
669774,13.499984717158176,schedule
670408,13.497289901051225,schedule
670971,13.494731806582855,schedule
671576,13.494298219754729,schedule
672273,13.492866055078252,schedule
672865,13.492432840928739,schedule
673439,13.489969776860725,schedule
674027,13.48962311091994,schedule
674698,13.488722601133091,schedule
675315,13.484239284237312,schedule
675965,13.482118813188979,schedule
676625,13.481445711408861,schedule
677517,13.43967614314712,schedule
678558,13.439178294713942,schedule
679443,13.43743476668744,schedule
680013,13.435111614263402,schedule
681497,13.435011074482986,schedule
682266,13.432785227506674,schedule
682834,13.432300322479442,schedule
683463,13.43204687251701,schedule
684171,13.431869908640417,schedule
684717,13.42638497469504,schedule
685347,13.42597910496592,schedule
686092,13.424091287690088,schedule
686779,13.420111246654299,schedule
687312,13.413748676882106,schedule
687893,13.411020662992263,schedule
688477,13.409404115620879,schedule
689153,13.405940100356396,schedule
689762,13.405509531594463,schedule
690540,13.405184674542303,schedule
691241,13.400681743554847,schedule
691840,13.39519995220616,schedule
692513,13.37428779212321,schedule
693150,13.3723470008921,schedule
693759,13.36693835817366,schedule
694891,13.365123243656052,schedule
695467,13.36504120318038,schedule
696155,13.364476145075473,schedule
696784,13.35819720017811,schedule
697439,13.357655239951134,schedule
698079,13.357158881402457,schedule
698728,13.355880342200676,schedule
699357,13.35587896869974,schedule
699959,13.354084063388155,schedule
700591,13.351221387110103,schedule
702446,13.350283257989444,schedule
703023,13.345389740512731,schedule
703703,13.344921699114648,schedule
704318,13.344826309889827,schedule
705007,13.343253481482828,schedule
705735,13.342910270085858,schedule
706574,13.337083122710654,schedule
707180,13.335416303974442,schedule
707746,13.312661160931054,schedule
708335,13.310102976003478,schedule
708885,13.308745313109437,schedule
709501,13.306139354695688,schedule
710033,13.306054200258306,schedule
710713,13.30468508752002,schedule
711246,13.30234855078124,schedule
711814,13.277753248391992,schedule
712356,13.268602907966184,schedule
713072,13.260542885911443,schedule
713643,13.257671353357573,schedule
714365,13.256146941793283,schedule
715001,13.252351858396466,schedule
715611,13.252121992318465,schedule
716192,13.243833554746843,schedule
716773,13.243516818605027,schedule
717350,13.243509633505068,schedule
717978,13.243193704058811,schedule
718701,13.241301381974882,schedule
719255,13.228130403053726,schedule
719812,13.227057783170924,schedule
720409,13.22242288530089,schedule
721021,13.222247786580105,schedule
721781,13.221317685929161,schedule
722400,13.221298667331624,schedule
723165,13.199172263892983,schedule
723769,13.199077797844641,schedule
724420,13.187420388942481,schedule
724990,13.181901922472811,schedule
725569,13.179797836624854,schedule
726110,13.178153479327271,schedule
726763,13.176921634876198,schedule
727512,13.175810897809708,schedule
728233,13.175618514537202,schedule
728890,13.171663374307702,schedule
729438,13.163577012155663,schedule
730021,13.158157863897507,schedule
730582,13.151025789368958,schedule
731166,13.142919518521648,schedule
731877,13.142783456493895,schedule
732386,13.140966944537059,schedule
733161,13.140862907883808,schedule
734086,13.137119201821587,schedule
734656,13.135951256520942,schedule
735258,13.134795108567785,schedule
735791,13.134277464711259,schedule
736468,13.13349345277809,schedule
737213,13.129646448949314,schedule
737763,13.12964119774484,schedule
738387,13.129479282810555,schedule
739005,13.129055534068941,schedule
739551,13.127797187351913,schedule
740125,13.12776773196703,schedule
740608,13.127692921032859,schedule
741206,13.127519282680957,schedule
741795,13.127037351325466,schedule
742320,13.126117854396684,schedule
742896,13.124928981420714,schedule
743473,13.124905115775825,schedule
744238,13.118936136262928,schedule
744791,13.117954568139062,schedule
745380,13.117137882255596,schedule
745926,13.116034535897336,schedule
746628,13.11510040421213,schedule
747143,13.112150173840238,schedule
747664,13.110565971124363,schedule
748245,13.107528017268645,schedule
748964,13.106918138551379,schedule
749557,13.106733415524232,schedule
750229,13.106117615688706,schedule
750809,13.101678652459901,schedule
751687,13.101427207010197,schedule
752232,13.099480343236927,schedule
752793,13.096887922629907,schedule
753403,13.096323926480922,schedule
754189,13.092770673627419,schedule
754880,13.091731169470254,schedule
755415,13.091591870987218,schedule
756145,13.088351604503359,schedule
756828,13.088241408735733,schedule
757482,13.08150042960752,schedule
758149,13.080147326008095,schedule
758733,13.079703662480929,schedule
759297,13.07720141725999,schedule
759898,13.076594386936826,schedule
760471,13.075243847266936,schedule
761141,13.069563658136094,schedule
761709,13.06664512074599,schedule
762276,13.064921077470139,schedule
762875,13.063088797187888,schedule
764693,13.062054412957771,schedule
765358,13.061646641126991,schedule
765933,13.059652465665394,schedule
766481,13.059585925101114,schedule
767070,13.057720828534741,schedule
767706,13.057340148397554,schedule
768284,13.056563102125239,schedule
768897,13.055549938441484,schedule
769441,13.05492824478351,schedule
770121,13.054028613153873,schedule
770765,13.054027732739906,schedule
771367,13.053345332030785,schedule
772033,13.052807508038205,schedule
772625,13.05134480132669,schedule
773353,13.051344709778446,schedule
774197,13.049536448318518,schedule
774809,13.048763532282845,schedule
775382,13.0461484416126,schedule
776039,13.043014186204605,schedule
776724,13.042549255607021,schedule
777361,13.041367233438411,schedule
777956,13.035118995719948,schedule
778501,13.032965186745578,schedule
779089,13.026615246429921,schedule
779664,13.026108929749855,schedule
780258,13.024931471300661,schedule
780869,13.023500654133642,schedule
810096,12.580087893184295,schedule
824798,12.457840688001209,schedule
917941,12.457756255848214,schedule
918602,12.456466306281413,schedule
919273,12.456049085257401,schedule
919941,12.456048250004859,schedule
921923,12.45554670517474,schedule
922856,12.454700853466619,schedule
925009,12.454686087141091,schedule
926456,12.454648622727134,schedule
927547,12.447678274373281,schedule
928366,12.446796601736281,schedule
929040,12.446350816457741,schedule
930050,12.446338836786703,schedule
930698,12.445714467153657,schedule
931669,12.445124285768122,schedule
932303,12.444855319167997,schedule
933016,12.444411851443837,schedule
933618,12.443725036945159,schedule
934267,12.443284727552113,schedule
934825,12.44207076195323,schedule
935525,12.44136449377254,schedule
936505,12.44001786331943,schedule
937488,12.438698816083928,schedule
938239,12.437361836523523,schedule
939035,12.43620067250781,schedule
939683,12.435774529159952,schedule
940265,12.435697188927458,schedule
940847,12.43519908221692,schedule
941488,12.432243191999303,schedule
942085,12.431367163142118,schedule
942836,12.430976524542366,schedule
943650,12.430429389365226,schedule
944200,12.42816959794556,schedule
944955,12.426849437378978,schedule
945546,12.426814903586484,schedule
946150,12.42681492802686,schedule
947586,12.394880266451379,schedule
948479,12.394838366448019,schedule
949410,12.39464712575296,schedule
949991,12.39464581712056,schedule
951298,12.384306546249546,schedule
952242,12.384249390794606,schedule
952919,12.382608639627867,schedule
953527,12.382494983207765,schedule
954209,12.381849375471711,schedule
954875,12.381518051318706,schedule
955545,12.38151801797459,schedule
956206,12.380854682796661,schedule
956875,12.379166795386883,schedule
957506,12.376667836318006,schedule
958119,12.37637574890486,schedule
958675,12.371848612741516,schedule
959312,12.3709042466885,schedule
959912,12.370903951229128,schedule
960430,12.363916759574202,schedule
961123,12.358282876067904,schedule
961757,12.354976492145584,schedule
962379,12.354699300499588,schedule
963230,12.35429986866084,schedule
963893,12.351205805395272,schedule
964551,12.347556281891743,schedule
965276,12.329667589603408,schedule
965959,12.328322225389227,schedule
966581,12.323808954563619,schedule
967755,12.323570296640975,schedule
968452,12.3227503831656,schedule
969018,12.315345473198564,schedule
969666,12.314830608374615,schedule
970286,12.314382894947952,schedule
970935,12.313174371478235,schedule
971563,12.308546297221016,schedule
972188,12.305877986311234,schedule
973914,12.297176883120247,schedule
974861,12.296381887742442,schedule
975680,12.296308261368356,schedule
976257,12.296200491531195,schedule
977152,12.294301884892672,schedule
977861,12.294296229041127,schedule
978466,12.294060808463033,schedule
979144,12.293587920737973,schedule
979820,12.29201025378704,schedule
980466,12.291947072888448,schedule
981296,12.290947499227936,schedule
981965,12.289543373742784,schedule
982634,12.266027955936561,schedule
983232,12.257009721240358,schedule
983992,12.25001420006307,schedule
984636,12.247537196488189,schedule
985367,12.247416545504723,schedule
985986,12.245696099336953,schedule
986663,12.242186614372507,schedule
987371,12.23320657000141,schedule
988017,12.22972140106534,schedule
988680,12.227062074222912,schedule
989312,12.22690440575346,schedule
990100,12.223495390947692,schedule
990681,12.217397411896025,schedule
991313,12.216304995689791,schedule
992009,12.212705316338868,schedule
992941,12.211866692730837,schedule
993653,12.211706452966046,schedule
994589,12.209633718857999,schedule
995444,12.198667521970082,schedule
996168,12.197626562565121,schedule
996807,12.197138033701483,schedule
997348,12.194369917106505,schedule
998096,12.190149182152547,schedule
998861,12.18834207849171,schedule
999723,12.187965172413074,schedule
1000505,12.186523902751388,schedule
1001008,12.18571207471607,schedule
1002022,12.185407034824712,schedule
1002607,12.180715458811155,schedule
1003145,12.180080083703077,schedule
1003702,12.178245619298869,schedule
1004280,12.17734822786433,schedule
1004905,12.170818496181804,schedule
1005591,12.170363045590877,schedule
1006252,12.167184737368965,schedule
1006914,12.166232196557953,schedule
1007509,12.166226615968286,schedule
1008061,12.166226382644966,schedule
1008819,12.165308735368141,schedule
1009406,12.164878139955723,schedule
1010010,12.163875838841042,schedule
1010584,12.162581594409001,schedule
1011279,12.162161090890876,schedule
1012359,12.162110602367306,schedule
1013333,12.159225921783948,schedule
1014011,12.158147462421503,schedule
1014651,12.15784202929086,schedule
1015376,12.15603250265127,schedule
1015921,12.15548431642832,schedule
1016593,12.151934164318705,schedule
1017238,12.151664789326533,schedule
1017815,12.15164992438505,schedule
1018356,12.150613839345676,schedule
1019076,12.14967418087925,schedule
1019738,12.147629854601044,schedule
1020368,12.14762847857551,schedule
1020899,12.14737163667448,schedule
1021490,12.145694649481454,schedule
1023438,12.145105571758416,schedule
1024039,12.144788531523625,schedule
1024640,12.143609218657298,schedule
1025224,12.142481850528165,schedule
1025834,12.14240146951157,schedule
1026550,12.1416802642174,schedule
1027267,12.14120662111181,schedule
1027923,12.14111168746701,schedule
1028771,12.141028201146913,schedule
1029441,12.135514678781696,schedule
1030174,12.134779914944332,schedule
1030965,12.134663034657226,schedule
1031969,12.133698645178299,schedule
1032564,12.129584328288658,schedule
1033189,12.129454137427683,schedule
1033718,12.12945397417323,schedule
1034405,12.12878171783316,schedule
1034948,12.125602662348939,schedule
1035480,12.125382573974473,schedule
1036074,12.120020318795543,schedule
1036713,12.119880476969339,schedule
1037252,12.119682208575027,schedule
1037874,12.11801399877944,schedule
1038506,12.086913462394433,schedule
1039172,12.079338486887204,schedule
1039767,12.079149902995939,schedule
1040498,12.078011351241818,schedule
1041143,12.07774075755326,schedule
1041834,12.07424234218742,schedule
1042403,12.07274411637105,schedule
1043039,12.070499381634146,schedule
1043704,12.069364182212114,schedule
1044419,12.05731767120051,schedule
1044992,11.989230445668914,schedule
1045692,11.985511109976418,schedule
1046358,11.984032365392537,schedule
1046920,11.976791143144244,schedule
1047554,11.972978706211219,schedule
1048157,11.971353927827856,schedule
1048771,11.970125497098195,schedule
1049364,11.967559243334414,schedule
1049959,11.965448941867436,schedule
1050520,11.960823502682889,schedule
1051089,11.959648529402802,schedule
1051609,11.959413587615135,schedule
1052260,11.958354973425237,schedule
1052956,11.739626869462398,schedule
1053759,11.67737842160421,schedule
1054315,11.661753844772111,schedule
1054975,11.660677127725922,schedule
1055780,11.657246875371545,schedule
1056375,11.653551681617214,schedule
1056933,11.65339006663937,schedule
1057519,11.649326381081979,schedule
1058120,11.648392442729376,schedule
1058711,11.647169476880661,schedule
1059353,11.64657342217089,schedule
1059915,11.645769293753892,schedule
1060501,11.644114210867086,schedule
1061136,11.64188759865047,schedule
1061684,11.640482789662698,schedule
1062202,11.64018516922623,schedule
1062880,11.639026912427402,schedule
1063409,11.638709116871338,schedule
1063983,11.637906050860458,schedule
1064513,11.636628217810284,schedule
1065111,11.636568638320881,schedule
1065769,11.635478299742758,schedule
1094302,11.305911423386828,schedule
1108089,11.272520357909148,schedule
1110327,11.272519963797702,schedule
1111269,11.27241353312684,schedule
1111894,11.271948122675628,schedule
1112586,11.271815563787666,schedule
1114143,11.271814369268121,schedule
1114752,11.271813654494078,schedule
1116783,11.271680187521827,schedule
1118367,11.271622925498463,schedule
1119414,11.262267633698926,schedule
1120421,11.262244011328473,schedule
1121595,11.260953338197295,schedule
1122808,11.257342669978536,schedule
1123806,11.25672584872676,schedule
1124770,11.255608801417232,schedule
1125389,11.255070937962795,schedule
1126073,11.25443785904584,schedule
1126653,11.2544131768473,schedule
1127230,11.2540216109497,schedule
1127854,11.251384370015831,schedule
1128433,11.251224699133697,schedule
1129098,11.250714982747827,schedule
1130502,11.24983854890338,schedule
1131221,11.248868527678756,schedule
1131923,11.248565984088525,schedule
1132775,11.247234331700795,schedule
1133290,11.246630174506041,schedule
1134239,11.246377694835953,schedule
1134945,11.2460742586074,schedule
1135543,11.243498108540866,schedule
1136140,11.242249543176271,schedule
1136689,11.242249453021614,schedule
1138518,11.242135712379447,schedule
1140530,11.242095108919582,schedule
1141349,11.241928538781792,schedule
1141996,11.241748405314954,schedule
1142995,11.241684266604636,schedule
1143644,11.241076575801578,schedule
1144221,11.239161107802904,schedule
1144859,11.239160184442849,schedule
1145349,11.237092953915596,schedule
1146040,11.236773876603575,schedule
1146633,11.233233068663612,schedule
1147212,11.222380110752498,schedule
1147774,11.221177973990727,schedule
1148371,11.221165276370874,schedule
1149113,11.220798795029731,schedule
1149768,11.219946238508049,schedule
1150436,11.21808050108523,schedule
1151076,11.217783998421302,schedule
1151731,11.208899053817378,schedule
1152366,11.208019926521343,schedule
1153026,11.206495822380719,schedule
1154182,11.206395084608372,schedule
1154847,11.205680979574486,schedule
1155408,11.197377397177641,schedule
1156052,11.19669778934666,schedule
1156685,11.19609683338639,schedule
1157357,11.194972828676741,schedule
1157922,11.194959360702041,schedule
1158542,11.19085168547145,schedule
1159107,11.189777199859378,schedule
1161452,11.188958878184508,schedule
1162070,11.188847612174516,schedule
1162770,11.18580442684993,schedule
1163897,11.184541949007798,schedule
1164521,11.184493389925105,schedule
1165298,11.183942494538648,schedule
1165999,11.183123171075799,schedule
1166659,11.172864326136171,schedule
1167261,11.162940181344318,schedule
1168036,11.158287498912506,schedule
1168609,11.157087135181557,schedule
1169591,11.151025292158122,schedule
1170329,11.140534615611292,schedule
1170955,11.138858962942502,schedule
1171613,11.138449470636129,schedule
1172330,11.138404404010894,schedule
1173171,11.135041369971907,schedule
1173845,11.13403265749193,schedule
1174573,11.132883929522771,schedule
1175251,11.129823163067458,schedule
1176232,11.129600826482898,schedule
1177006,11.129525300436233,schedule
1177744,11.126888476562124,schedule
1178370,11.12655136759024,schedule
1179131,11.117543804544988,schedule
1179853,11.115969092675787,schedule
1180644,11.115392600099192,schedule
1181321,11.113348753202867,schedule
1182409,11.110842426790732,schedule
1183120,11.11074834242229,schedule
1183719,11.110661075816598,schedule
1184308,11.110177221887286,schedule
1185072,11.109513560281336,schedule
1185660,11.10892033656517,schedule
1186174,11.108188176346706,schedule
1186844,11.108041823178716,schedule
1187513,11.10793094012743,schedule
1188295,11.10754559490496,schedule
1188902,11.106495439408478,schedule
1189529,11.105688335881306,schedule
1190074,11.097001069715118,schedule
1190655,11.096597796211613,schedule
1191232,11.094077688464358,schedule
1191790,11.093204585218702,schedule
1192303,11.093192197120604,schedule
1192911,11.089408318975043,schedule
1193440,11.089166980291242,schedule
1194185,11.088586356169849,schedule
1194790,11.087345325303037,schedule
1195435,11.087264467640168,schedule
1196086,11.087091846148567,schedule
1196690,11.08606065671907,schedule
1197292,11.085951399601525,schedule
1198020,11.085784335630892,schedule
1198738,11.082746184947306,schedule
1199558,11.082625837422922,schedule
1200258,11.082240025300855,schedule
1201077,11.082163782283642,schedule
1201637,11.08174035976536,schedule
1202235,11.081089082285937,schedule
1202914,11.080838223540804,schedule
1203498,11.08063007598186,schedule
1204149,11.080439767825515,schedule
1204841,11.08043296937015,schedule
1205349,11.078701064132881,schedule
1206001,11.07752917312333,schedule
1207946,11.076943240917663,schedule
1208641,11.075565188853043,schedule
1209298,11.074937694813249,schedule
1209929,11.074165018617018,schedule
1210844,11.074119387421257,schedule
1211437,11.07409330686209,schedule
1212843,11.073773054188505,schedule
1213814,11.073004567868415,schedule
1214544,11.072887011180457,schedule
1215079,11.072886717741754,schedule
1215617,11.07062313037874,schedule
1216159,11.069142650542258,schedule
1216711,11.067645858136775,schedule
1217416,11.06702522096142,schedule
1218002,11.063432035989566,schedule
1218546,11.059943604998749,schedule
1219093,11.05982440565432,schedule
1219882,10.909563381767201,schedule
1220421,10.892803093145153,schedule
1221161,10.892719414197975,schedule
1221698,10.89238822728058,schedule
1222537,10.891224235378731,schedule
1223116,10.890168265998051,schedule
1223688,10.890167898489794,schedule
1224258,10.888234749798295,schedule
1224957,10.888230419392402,schedule
1225590,10.883608871229809,schedule
1226284,10.773030529668153,schedule
1226933,10.771181057766634,schedule
1227616,10.768535235067583,schedule
1228139,10.767964393326428,schedule
1228815,10.765177046463597,schedule
1229421,10.765177051503946,schedule
1229978,10.763204316379207,schedule
1230597,10.763190992629086,schedule
1231236,10.762560155249068,schedule
1231893,10.761746756575391,schedule
1232929,10.703251390124596,schedule
1233537,10.69131723630316,schedule
1234227,10.687781052624175,schedule
1234815,10.686288183559995,schedule
1235411,10.680996613284886,schedule
1236065,10.680457894337103,schedule
1236747,10.67499334185517,schedule
1237344,10.674530406048582,schedule
1237900,10.674168824076496,schedule
1238530,10.672441551520713,schedule
1239186,10.671789144511447,schedule
1239835,10.669840547689741,schedule
1240438,10.666884423957596,schedule
1241009,10.665595922458198,schedule
1241837,10.665449743552536,schedule
1242484,10.663526315288006,schedule
1243111,10.663131410517629,schedule
1243716,10.658391452021245,schedule
1244379,10.657633517899065,schedule
1245007,10.65679678733725,schedule
1245671,10.655881443891548,schedule
1246363,10.655825707067912,schedule
1246990,10.649461824102884,schedule
1247661,10.647991016303687,schedule
1248250,10.646931080070633,schedule
1248982,10.645981484534882,schedule
1249576,10.645726418440269,schedule
1250198,10.644971443136832,schedule
1250852,10.64286989510224,schedule
1251484,10.64256159364929,schedule
1252111,10.642284668642803,schedule
1252776,10.635698799949083,schedule
1253403,10.634740239965744,schedule
1254041,10.63455311586289,schedule
1254770,10.634552991507128,schedule
1255313,10.634404386707658,schedule
1255967,10.633642710852541,schedule
1256549,10.633057137747224,schedule
1257097,10.632967546210315,schedule
1257693,10.631361231113535,schedule
1258215,10.631050641055046,schedule
1291920,10.444540378194192,schedule
1306328,10.303692638286092,schedule
1399374,10.30369268072071,schedule
1400219,10.303603396364876,schedule
1400807,10.30180101628572,schedule
1401530,10.301771765201314,schedule
1402130,10.299829087956498,schedule
1402753,10.299219645737798,schedule
1403298,10.298871167935976,schedule
1405648,10.298061556414213,schedule
1406951,10.297215842425361,schedule
1408251,10.296517019529862,schedule
1409217,10.296423337516185,schedule
1410810,10.296373733041463,schedule
1411705,10.292675319187504,schedule
1412633,10.29267344808376,schedule
1413792,10.292611177632564,schedule
1414511,10.290891703835959,schedule
1415518,10.289378763765617,schedule
1416521,10.28935753805161,schedule
1417139,10.288230512002583,schedule
1417719,10.287636744166887,schedule
1418456,10.286285877345849,schedule
1419042,10.284771436625123,schedule
1419688,10.282985816004992,schedule
1420209,10.282969048976998,schedule
1420934,10.28147147262057,schedule
1421588,10.279835122415449,schedule
1422207,10.277423525883659,schedule
1422883,10.274983773822434,schedule
1423555,10.273328184451955,schedule
1424175,10.272801557200275,schedule
1424920,10.272486718109727,schedule
1425642,10.271517412322014,schedule
1426162,10.271426070877657,schedule
1426903,10.270310688502127,schedule
1427594,10.26845417408933,schedule
1428293,10.267507916344327,schedule
1429100,10.267475703537345,schedule
1429952,10.267433155117955,schedule
1430798,10.26533505903704,schedule
1431428,10.263565509407092,schedule
1431997,10.263565342434495,schedule
1432640,10.263273805990607,schedule
1433915,10.246566517957554,schedule
1434814,10.246424753956415,schedule
1435853,10.245305248067083,schedule
1437593,10.244805360428288,schedule
1438167,10.243009745608223,schedule
1438763,10.242967869322456,schedule
1439297,10.24199971237681,schedule
1440053,10.240801359275414,schedule
1440889,10.23966803701387,schedule
1441705,10.23966448578412,schedule
1442265,10.234346427003315,schedule
1442905,10.233276013626186,schedule
1443553,10.231152089715868,schedule
1444245,10.231044063744179,schedule
1444968,10.230697369443707,schedule
1445591,10.230314970394595,schedule
1446242,10.229037593372535,schedule
1446974,10.228403125877776,schedule
1447585,10.228188579778905,schedule
1448218,10.227932273522823,schedule
1448804,10.227543897829941,schedule
1449789,10.22646883497978,schedule
1450337,10.226440250031235,schedule
1451020,10.226367299596681,schedule
1451675,10.217519894830673,schedule
1452332,10.21703697924545,schedule
1452950,10.216903885137171,schedule
1453625,10.216164813012533,schedule
1454308,10.214554529701163,schedule
1456612,10.213940686332522,schedule
1457347,10.213175409479645,schedule
1458067,10.212884496404019,schedule
1458911,10.209621591524794,schedule
1459887,10.209325720409844,schedule
1460494,10.20835555999465,schedule
1461114,10.207277864595998,schedule
1461688,10.207244016595055,schedule
1462486,10.206747624025006,schedule
1463408,10.202236685437903,schedule
1463991,10.200963736264473,schedule
1464640,10.197572279227666,schedule
1465245,10.196955366732837,schedule
1466085,10.196604573847825,schedule
1466797,10.19417548672251,schedule
1467551,10.183490623009881,schedule
1468128,10.181343844053785,schedule
1469199,10.178353450969468,schedule
1469962,10.177944547864026,schedule
1470570,10.176847265843538,schedule
1471203,10.175437399869555,schedule
1471860,10.17464599587904,schedule
1472574,10.17450295781244,schedule
1473295,10.174227785498985,schedule
1473878,10.172500658749211,schedule
1474566,10.172451839072043,schedule
1475317,10.172323373145744,schedule
1476025,10.164210546825167,schedule
1476761,10.163588785525862,schedule
1477504,10.163335404293699,schedule
1478777,10.16121251553317,schedule
1479554,10.161182049071408,schedule
1480117,10.160012430434268,schedule
1480691,10.159908346665258,schedule
1481582,10.15876913851281,schedule
1482166,10.157431017029378,schedule
1482881,10.157353095495047,schedule
1483642,10.156831502166611,schedule
1484283,10.155675904972675,schedule
1484897,10.155345239697425,schedule
1485524,10.145264313165953,schedule
1486216,10.14403943321268,schedule
1486818,10.14080684309872,schedule
1487380,10.140126659588931,schedule
1488016,10.140115005056293,schedule
1488620,10.140114949262605,schedule
1489359,10.139277108887102,schedule
1490048,10.13854975304873,schedule
1490645,10.137691330048407,schedule
1491256,10.13711557384333,schedule
1491974,10.137040397407503,schedule
1492545,10.136902982141686,schedule
1493252,10.136874378431942,schedule
1494036,10.134384202655072,schedule
1494630,10.132940781544589,schedule
1495264,10.13271470659201,schedule
1495868,10.132507769271058,schedule
1496662,10.130664831245333,schedule
1497244,10.13026558870062,schedule
1498064,10.12989847013359,schedule
1498821,10.129734515063134,schedule
1499482,10.129450172238304,schedule
1500122,10.125562645644933,schedule
1500718,10.124811881175106,schedule
1502433,10.12066656417555,schedule
1503072,10.12036644285551,schedule
1503677,10.119707878353314,schedule
1504308,10.119352195274143,schedule
1505165,10.118085720810047,schedule
1505986,10.118058989180003,schedule
1506840,10.116486921541078,schedule
1507525,10.112796899066655,schedule
1508219,10.112793227951396,schedule
1509130,10.112672164222461,schedule
1509724,10.111182754520884,schedule
1510297,10.110297157501874,schedule
1510928,10.109742068996008,schedule
1511478,10.106048961921315,schedule
1512095,10.103456041457937,schedule
1512668,10.100299728494084,schedule
1513316,10.097717837553297,schedule
1513969,10.097582713062891,schedule
1514659,10.093757298533962,schedule
1515525,10.093551796079769,schedule
1516088,10.090921868099942,schedule
1516874,10.090911033963321,schedule
1517431,10.090036448862538,schedule
1518017,10.089556411147349,schedule
1518598,10.088424372776831,schedule
1519447,10.079433541227193,schedule
1520571,10.078646158608635,schedule
1521287,10.07822982366454,schedule
1522016,10.078171313443496,schedule
1522639,10.07722684522315,schedule
1523730,10.068692905019168,schedule
1524627,10.06788317410181,schedule
1525206,10.064825183575019,schedule
1525844,10.06478107430386,schedule
1526587,10.06444689472986,schedule
1527203,10.063052813008204,schedule
1527800,10.061281461859249,schedule
1528412,10.060537794865159,schedule
1529267,10.060095196741575,schedule
1529847,10.058535918223914,schedule
1530590,10.058265590848158,schedule
1531208,10.055449739833424,schedule
1531892,10.054347453368354,schedule
1532537,10.054219089360586,schedule
1533320,10.052463967239447,schedule
1534078,10.05241938333702,schedule
1534986,10.051889470962566,schedule
1535513,10.050629040075108,schedule
1536158,10.050277856607003,schedule
1536900,10.049361495307185,schedule
1537634,10.048204108703672,schedule
1538253,10.047721946187261,schedule
1538896,10.047341808837464,schedule
1539481,10.046809997484349,schedule
1540208,10.046635719539033,schedule
1540933,10.042229682358089,schedule
1541620,10.041748857543173,schedule
1542198,10.041609609421112,schedule
1542844,10.04146017377491,schedule
1543408,10.041169776589074,schedule
1544064,10.040107423296513,schedule
1544836,10.040107404094703,schedule
1545469,10.039847246326614,schedule
1546095,10.03966951299621,schedule
1546743,10.039232999567522,schedule
1547303,10.03870845384819,schedule
1581996,9.525920102346326,schedule
1598358,9.441772606023033,schedule
1601039,9.44177074239959,schedule
1601995,9.44164587399041,schedule
1603010,9.44157568495211,schedule
1605545,9.440607552670222,schedule
1608776,9.440500618029162,schedule
1609952,9.439888188136052,schedule
1611072,9.439777899280305,schedule
1612391,9.43804324064125,schedule
1613808,9.437532605204467,schedule
1614960,9.436609288465469,schedule
1616203,9.436513769002826,schedule
1616856,9.436497745053234,schedule
1617531,9.436217138810981,schedule
1618164,9.435266558503027,schedule
1618868,9.43488418552252,schedule
1620201,9.434242956336444,schedule
1621204,9.43398924170991,schedule
1622852,9.433223028763987,schedule
1623452,9.433166339609762,schedule
1624049,9.432532402192475,schedule
1624887,9.432279816318687,schedule
1625705,9.432202776168543,schedule
1626626,9.432038790663329,schedule
1627317,9.431479102721331,schedule
1628014,9.431159252017986,schedule
1628690,9.426105967898996,schedule
1629313,9.425498596186722,schedule
1631377,9.425454000542429,schedule
1633688,9.425158381461719,schedule
1634613,9.425156394810168,schedule
1635980,9.424263180938611,schedule
1636658,9.424010192955839,schedule
1637345,9.41763806970234,schedule
1638110,9.4165011254911,schedule
1638849,9.415435904092623,schedule
1639709,9.415302665212574,schedule
1640451,9.414877818417589,schedule
1641147,9.414420569669813,schedule
1641812,9.41303427202604,schedule
1642533,9.412559097357724,schedule
1643361,9.412326662446,schedule
1644031,9.41211989812999,schedule
1644701,9.411869629370317,schedule
1645421,9.407740911164813,schedule
1646548,9.407732242740005,schedule
1647251,9.40686826741606,schedule
1647930,9.40632653610974,schedule
1648610,9.405955744072825,schedule
1649313,9.405796430242171,schedule
1650040,9.40566874721623,schedule
1650750,9.403293460369175,schedule
1651520,9.402881204876586,schedule
1654142,9.402676572360466,schedule
1655004,9.402391464292913,schedule
1655898,9.40008472500807,schedule
1656818,9.40001733354474,schedule
1657651,9.399939643010407,schedule
1658586,9.399918682758532,schedule
1659642,9.399475941713973,schedule
1660445,9.396844617453773,schedule
1661085,9.396680048281677,schedule
1661823,9.391894301995112,schedule
1662634,9.391206733428417,schedule
1663226,9.391148698505845,schedule
1664251,9.389339145567636,schedule
1665009,9.388974510214254,schedule
1665804,9.379232502823875,schedule
1666501,9.377878423355455,schedule
1667176,9.377492065010504,schedule
1667844,9.377428036440437,schedule
1668680,9.37539849407502,schedule
1669450,9.375276652397899,schedule
1670094,9.373969068254722,schedule
1671106,9.373872289523323,schedule
1671922,9.373849122071586,schedule
1672651,9.372508186531732,schedule
1673495,9.367297109617827,schedule
1674269,9.366536183497526,schedule
1675044,9.366195614412504,schedule
1675681,9.364826968717544,schedule
1676879,9.363018300556542,schedule
1677744,9.362889337091888,schedule
1678587,9.362240090083032,schedule
1679502,9.362164805725918,schedule
1680311,9.361737622245936,schedule
1680946,9.360177288851698,schedule
1681612,9.359529876656651,schedule
1682238,9.350105401905953,schedule
1682860,9.34882053115259,schedule
1683463,9.34589932972812,schedule
1684042,9.345285172373574,schedule
1684680,9.345270520541156,schedule
1685419,9.344798075634973,schedule
1686011,9.343511809241853,schedule
1686633,9.342939949823979,schedule
1687351,9.342751690369365,schedule
1688138,9.342512968740174,schedule
1689477,9.342456578547942,schedule
1690640,9.342084087824514,schedule
1691253,9.34118293713386,schedule
1691842,9.339894751303271,schedule
1692456,9.339850778904134,schedule
1693026,9.339832702293597,schedule
1693632,9.339799360500932,schedule
1694235,9.33955666649854,schedule
1694855,9.339227279828576,schedule
1695409,9.339217541871934,schedule
1695887,9.339000165784595,schedule
1696533,9.33890508749604,schedule
1698148,9.336908739862684,schedule
1698731,9.336747384399027,schedule
1699244,9.336214515741078,schedule
1699916,9.336055351477954,schedule
1700709,9.334945187869396,schedule
1701356,9.334641014889513,schedule
1702026,9.334613702458578,schedule
1702821,9.334136574497252,schedule
1703606,9.334136554572977,schedule
1704653,9.333626581530362,schedule
1705475,9.33196629657313,schedule
1706212,9.331611038827523,schedule
1706788,9.331610996318206,schedule
1707334,9.330601742854709,schedule
1707997,9.328300550606626,schedule
1708748,9.327118499101148,schedule
1709372,9.327043195638012,schedule
1710363,9.326898980046117,schedule
1711054,9.326080382922719,schedule
1711660,9.325038298009773,schedule
1712357,9.324385417446692,schedule
1713484,9.321457940301174,schedule
1714339,9.320859547073256,schedule
1714911,9.320859528090041,schedule
1715827,9.320639253052812,schedule
1716490,9.319812821230004,schedule
1717577,9.319225508660749,schedule
1718481,9.318329888307852,schedule
1719137,9.317101328937104,schedule
1719885,9.3159338423637,schedule
1720516,9.315499400280759,schedule
1721064,9.313336100010385,schedule
1721751,9.312741441823144,schedule
1722289,9.312289070113009,schedule
1723068,9.311614785359767,schedule
1723742,9.311388538184529,schedule
1724335,9.310866819470055,schedule
1725160,9.310337086344513,schedule
1725749,9.310027671255162,schedule
1726371,9.308279412024936,schedule
1726969,9.308254871873736,schedule
1727776,9.308060174053775,schedule
1728322,9.307900650555146,schedule
1728982,9.3075009616673,schedule
1729622,9.307383477103523,schedule
1730222,9.306939594474477,schedule
1730905,9.30671014998973,schedule
1731503,9.306519320495475,schedule
1732197,9.30431644164202,schedule
1732886,9.304203583706274,schedule
1733514,9.303862999854475,schedule
1734145,9.303482514042406,schedule
1734761,9.30348233834007,schedule
1735335,9.30326301262964,schedule
1735863,9.303263003242291,schedule
1736457,9.302563926856154,schedule
1737210,9.300682962835506,schedule
1737826,9.299019773666725,schedule
1738556,9.298975770882103,schedule
1739079,9.298758208514824,schedule
1739629,9.298294526132036,schedule
1740139,9.297978372930299,schedule
1740742,9.297902829929395,schedule
1741308,9.29778993872803,schedule
1741863,9.296888792411362,schedule
1742417,9.295581902029156,schedule
1743040,9.295127203208722,schedule
1743588,9.295031399206888,schedule
1744194,9.292884817400914,schedule
1744764,9.291444076036896,schedule
1745405,9.291227329017921,schedule
1746152,9.290633903475818,schedule
1746724,9.285624080209937,schedule
1747272,9.28553332455297,schedule
1747849,9.280587371901698,schedule
1748573,9.274787332614489,schedule
1779541,9.234934299686996,schedule
1794261,9.23040460085358,schedule
1885232,9.229726867003782,schedule
1887826,9.2295998293931,schedule
1888710,9.229575773262633,schedule
1889405,9.22938417986037,schedule
1890541,9.228993049987698,schedule
1892607,9.228943753585243,schedule
1894994,9.22882822315754,schedule
1896130,9.227407035416737,schedule
1897368,9.227316232387368,schedule
1898466,9.227268113456143,schedule
1899642,9.227180942174611,schedule
1900258,9.226711830353983,schedule
1901188,9.226410479262332,schedule
1902233,9.22639568643899,schedule
1902942,9.225715900414448,schedule
1903611,9.225377947694996,schedule
1904323,9.22495412840396,schedule
1905048,9.224568040644277,schedule
1906202,9.224454644406872,schedule
1906907,9.223925396663333,schedule
1907610,9.223480961179277,schedule
1908217,9.222472298370942,schedule
1908869,9.222215229183252,schedule
1909638,9.222036769510243,schedule
1910238,9.221981102508053,schedule
1911065,9.221935775801178,schedule
1911915,9.218893421749932,schedule
1912539,9.218429704747535,schedule
1913309,9.218387202513073,schedule
1915010,9.21825528604026,schedule
1917083,9.218168002699505,schedule
1917716,9.217988377721769,schedule
1918438,9.217870978939738,schedule
1919072,9.217558762101588,schedule
1919692,9.217379606240003,schedule
1920719,9.216535144004409,schedule
1921717,9.216340036550443,schedule
1922415,9.215787329373777,schedule
1923164,9.215669381870354,schedule
1923811,9.214619321408533,schedule
1924460,9.214250033471933,schedule
1925066,9.213965458206863,schedule
1925691,9.213508750660088,schedule
1926299,9.213374210089428,schedule
1926963,9.213092298867982,schedule
1927554,9.21296807779154,schedule
1928230,9.212629524072385,schedule
1929331,9.212542818593425,schedule
1930005,9.211624148646552,schedule
1930616,9.209069296863492,schedule
1931253,9.208963140172676,schedule
1931922,9.208887912410892,schedule
1932555,9.208378527278564,schedule
1933160,9.208361472221243,schedule
1933745,9.207818985654091,schedule
1936060,9.206924092312354,schedule
1936683,9.206229607929169,schedule
1937367,9.205641296839588,schedule
1937969,9.205364947651214,schedule
1938714,9.203977847724103,schedule
1939501,9.203826905637962,schedule
1940110,9.20347422476995,schedule
1940655,9.203368863810267,schedule
1941435,9.203363782846818,schedule
1942192,9.203129488673163,schedule
1942837,9.202396752525658,schedule
1943716,9.198958339186703,schedule
1944436,9.19831283087509,schedule
1945085,9.19807245053066,schedule
1945931,9.197836879642598,schedule
1946695,9.196536479788143,schedule
1947412,9.192597346657017,schedule
1948050,9.191236135834291,schedule
1948765,9.191133681069383,schedule
1949622,9.189615010656658,schedule
1950401,9.189586348358413,schedule
1951031,9.188992126820404,schedule
1951647,9.188654940503396,schedule
1952298,9.18835055268284,schedule
1953015,9.188294663343894,schedule
1953796,9.188058139430433,schedule
1954532,9.188034429511768,schedule
1955365,9.182914904418498,schedule
1956101,9.182202410516025,schedule
1956910,9.181792853586083,schedule
1958685,9.181510623568483,schedule
1959399,9.181409884157434,schedule
1960217,9.181322479525054,schedule
1960999,9.181226203345183,schedule
1961585,9.18051877247835,schedule
1962207,9.179702746696375,schedule
1962787,9.172756017609405,schedule
1963424,9.171377586271962,schedule
1964047,9.168990761665011,schedule
1964659,9.168438638333592,schedule
1965311,9.168431121025542,schedule
1966127,9.168197338239782,schedule
1966695,9.165978582823683,schedule
1967260,9.165813108210465,schedule
1967807,9.165805066541633,schedule
1968459,9.16563067643645,schedule
1969239,9.165534141902468,schedule
1969835,9.165524527466301,schedule
1970574,9.16545368029871,schedule
1971146,9.16534034753384,schedule
1971736,9.16514666786575,schedule
1972472,9.164869489860058,schedule
1973197,9.164835159618464,schedule
1973699,9.1648331427197,schedule
1974379,9.163022054675068,schedule
1975005,9.162801189915744,schedule
1975741,9.162444392862522,schedule
1976331,9.162440329516286,schedule
1977015,9.162429520498758,schedule
1977667,9.161991249020168,schedule
1978568,9.16170248483005,schedule
1980420,9.161445710867683,schedule
1981032,9.161205261061271,schedule
1981667,9.161164252465271,schedule
1982243,9.160773380205525,schedule
1983186,9.160746415058341,schedule
1984261,9.160746382561147,schedule
1984819,9.159650686431924,schedule
1985598,9.158634831780052,schedule
1986649,9.157367744917291,schedule
1987384,9.15717968268208,schedule
1988139,9.155592553967558,schedule
1988793,9.154217846608695,schedule
1989426,9.15337713467491,schedule
1990842,9.153237161586356,schedule
1991861,9.152339255618722,schedule
1992490,9.152311218156482,schedule
1993139,9.152008289709249,schedule
1993896,9.151783239494835,schedule
1995304,9.151520666467038,schedule
1995957,9.151319651467341,schedule
1996575,9.151304536353226,schedule
1997191,9.150919858542109,schedule
1998715,9.150146911809776,schedule
1999535,9.149691476119711,schedule
2000143,9.149065457067264,schedule
2000793,9.149007217589526,schedule
2001416,9.148725494452341,schedule
2002029,9.14838688576693,schedule
2002808,9.147834161390149,schedule
2003439,9.14778003649065,schedule
2004021,9.147451670857839,schedule
2004544,9.147153231729394,schedule
2005189,9.147114066357169,schedule
2005907,9.146048226149993,schedule
2006488,9.14604035363426,schedule
2007226,9.145715176425151,schedule
2007730,9.145690469406759,schedule
2008222,9.145550756074382,schedule
2008675,9.14537926003308,schedule
2009185,9.144928548428519,schedule
2009639,9.14442803675458,schedule
2010170,9.144354667442975,schedule
2010789,9.144046940493071,schedule
2012047,9.14394232298539,schedule
2012733,9.14393919947842,schedule
2013365,9.143815121161916,schedule
2013986,9.14381515738969,schedule
2014584,9.14348058527276,schedule
2015315,9.142425379489875,schedule
2015920,9.141794849588948,schedule
2016591,9.140441557581367,schedule
2017400,9.140237048998033,schedule
2017971,9.139653205957547,schedule
2018593,9.139363172486405,schedule
2019183,9.138943061262896,schedule
2019779,9.137168448122363,schedule
2020381,9.135672103164413,schedule
2020929,9.13431646906993,schedule
2021612,9.133865085392229,schedule
2022242,9.133640818153038,schedule
2023056,9.133099342283186,schedule
2023712,9.13273214374207,schedule
2024321,9.132414522373677,schedule
2025006,9.125583884156109,schedule
2025683,9.123026605126926,schedule
2026415,9.121991151136703,schedule
2026969,9.121970097809099,schedule
2027962,9.120601197278143,schedule
2028567,9.119813242693665,schedule
2029147,9.119157665480417,schedule
2029869,9.118670462246152,schedule
2030472,9.116234770129909,schedule
2031135,9.114674010812564,schedule
2031982,9.114442830701766,schedule
2032516,9.112943572686849,schedule
2033044,9.112674225716606,schedule
2033627,9.112147361429962,schedule
2034229,9.111283332143291,schedule
2034833,9.111132217956758,schedule
2068111,8.722452759013207,schedule
2084262,8.690182104463519,schedule
2086623,8.690181348923977,schedule
2087344,8.690180862271854,schedule
2088155,8.690164221749251,schedule
2089114,8.690073174765855,schedule
2091377,8.689061100577467,schedule
2093001,8.688854661670488,schedule
2094626,8.688841331191599,schedule
2096166,8.688838007196578,schedule
2097751,8.688118783558815,schedule
2098465,8.687269129769911,schedule
2099078,8.686934810923868,schedule
2099706,8.685643563334677,schedule
2100520,8.684876960638105,schedule
2101424,8.684667519560456,schedule
2102030,8.684553742825788,schedule
2102647,8.683177451773684,schedule
2103350,8.683048336064775,schedule
2103915,8.680675493325467,schedule
2104465,8.68067546639864,schedule
2105004,8.680630553116341,schedule
2105613,8.680505391253533,schedule
2106316,8.680400078446509,schedule
2107103,8.680275829675095,schedule
2107755,8.680137377852619,schedule
2108524,8.679407051198682,schedule
2109130,8.678901701835658,schedule
2110227,8.67847980066289,schedule
2110974,8.67785081485143,schedule
2111878,8.677512992967143,schedule
2112488,8.677449678228028,schedule
2113296,8.677427320182561,schedule
2113944,8.677093448618477,schedule
2114590,8.673579352537006,schedule
2115194,8.673219367661032,schedule
2115706,8.672749141701873,schedule
2116277,8.67219352219318,schedule
2116867,8.671846216523551,schedule
2118290,8.67184153515776,schedule
2119235,8.671231519208408,schedule
2120878,8.670948956693994,schedule
2121446,8.669095906542584,schedule
2122207,8.667724525631332,schedule
2122796,8.666999093034395,schedule
2123906,8.666607678339169,schedule
2124659,8.665946474284926,schedule
2125218,8.665664641013613,schedule
2125894,8.664876657418723,schedule
2126525,8.66439101318334,schedule
2127221,8.664231509213694,schedule
2128147,8.663933183450178,schedule
2128762,8.66341161540437,schedule
2129378,8.662916470411185,schedule
2130071,8.662901741024617,schedule
2130679,8.662872373273313,schedule
2131279,8.662745074102679,schedule
2131924,8.66031721109554,schedule
2132795,8.657636450142219,schedule
2133394,8.657536048712872,schedule
2134086,8.657228030936414,schedule
2134907,8.65718589216444,schedule
2135589,8.657178832530784,schedule
2137955,8.656056256257171,schedule
2138741,8.655382860749272,schedule
2139377,8.655312256158775,schedule
2139997,8.655049329276864,schedule
2140628,8.65478315554332,schedule
2141319,8.65414218348839,schedule
2142058,8.654010272617533,schedule
2142842,8.65398632549935,schedule
2143684,8.653985453306532,schedule
2144473,8.653879551896257,schedule
2145039,8.653599908597585,schedule
2145936,8.650043317898763,schedule
2146549,8.649147379206433,schedule
2147310,8.648481473123045,schedule
2148352,8.647869314977065,schedule
2148991,8.647362016836386,schedule
2149580,8.644825742626416,schedule
2150174,8.644606654064507,schedule
2150837,8.644517726923219,schedule
2151633,8.64284314593175,schedule
2152329,8.642633395851686,schedule
2153069,8.642214668773686,schedule
2153706,8.64203704431181,schedule
2154394,8.641997318198843,schedule
2155176,8.641935071233018,schedule
2155849,8.641690777179644,schedule
2156659,8.638651445440214,schedule
2157382,8.637343575795924,schedule
2159083,8.637309795441958,schedule
2159569,8.637272277162806,schedule
2160234,8.63725444712724,schedule
2160973,8.63710577639926,schedule
2161477,8.636519361218996,schedule
2162439,8.636367325168708,schedule
2163197,8.635423726507904,schedule
2163860,8.634153604902968,schedule
2164507,8.632294357496354,schedule
2165098,8.630888529964652,schedule
2165701,8.63070612023404,schedule
2166345,8.63070047042598,schedule
2167324,8.630107245261383,schedule
2167901,8.629961318769064,schedule
2168484,8.629860440871065,schedule
2169308,8.62979103615484,schedule
2170173,8.629417229141493,schedule
2170772,8.629397381297638,schedule
2171536,8.628209594005037,schedule
2172092,8.628196674497156,schedule
2172891,8.628128867317152,schedule
2173757,8.627930314892943,schedule
2174336,8.627900894091372,schedule
2174891,8.6278972059831,schedule
2175562,8.627862007342781,schedule
2176108,8.627752064163268,schedule
2176683,8.627125142056304,schedule
2177236,8.62712463113473,schedule
2177859,8.626764863507365,schedule
2178344,8.6264946759933,schedule
2179911,8.626147359167708,schedule
2180467,8.626131248292511,schedule
2181077,8.625892117779715,schedule
2181658,8.625673900782376,schedule
2182268,8.625389563143367,schedule
2182887,8.62434003198929,schedule
2183465,8.624340026906596,schedule
2184026,8.61986504771759,schedule
2184662,8.618775684129051,schedule
2185323,8.618755584194268,schedule
2186589,8.618666414346873,schedule
2187556,8.61742721891462,schedule
2188336,8.617078729558518,schedule
2189061,8.61555346577892,schedule
2189632,8.613685406642432,schedule
2190252,8.612880559801617,schedule
2191343,8.612825229203246,schedule
2191914,8.612109883848039,schedule
2192703,8.611556726895465,schedule
2193450,8.611405309245278,schedule
2194182,8.611346343527286,schedule
2195888,8.611242013966175,schedule
2196473,8.611169823985133,schedule
2197124,8.61084857385044,schedule
2198233,8.60994019623525,schedule
2199175,8.609604942371213,schedule
2199774,8.607783236825934,schedule
2200353,8.607474397162264,schedule
2200928,8.606809553454319,schedule
2201517,8.60638593701946,schedule
2202395,8.606232506243371,schedule
2203216,8.605801219587851,schedule
2203809,8.605300958465543,schedule
2204459,8.605166423813406,schedule
2205383,8.604587902598013,schedule
2205978,8.604587021429875,schedule
2206766,8.604216737631681,schedule
2207455,8.603784848439997,schedule
2208082,8.603711481480126,schedule
2208848,8.60317210806793,schedule
2209887,8.603009184169597,schedule
2210729,8.603009151187855,schedule
2211324,8.602946483567202,schedule
2212146,8.601966949067434,schedule
2212787,8.60052160929314,schedule
2213503,8.577633446579789,schedule
2214228,8.57713991890683,schedule
2214896,8.576697973519256,schedule
2215571,8.575855040898961,schedule
2216154,8.575672272985223,schedule
2216701,8.568140224037396,schedule
2217298,8.565384373746841,schedule
2217863,8.564649494608158,schedule
2218356,8.564629080192368,schedule
2219450,8.564324720745653,schedule
2220088,8.56346834556359,schedule
2220984,8.56303110367375,schedule
2221809,8.562495744332406,schedule
2222340,8.562400696282833,schedule
2222914,8.561353482936138,schedule
2223463,8.558910237634638,schedule
2224126,8.55664157999076,schedule
2224780,8.556564265830028,schedule
2225331,8.55655924002077,schedule
2226145,8.556046141054965,schedule
2228743,8.555943925319866,schedule
2229366,8.55590184484559,schedule
2229999,8.555643354240996,schedule
2230679,8.555062244210244,schedule
2231349,8.555019154261903,schedule
2231964,8.554687449137493,schedule
2232589,8.554641669334831,schedule
2263124,8.53306339092842,schedule
2280434,8.353031640802937,schedule
2373201,8.35303144160014,schedule
2373846,8.353029295081116,schedule
2374485,8.3530272559199,schedule
2375359,8.353025110697894,schedule
2376345,8.352990698600939,schedule
2379046,8.352126591001623,schedule
2380184,8.352126404157845,schedule
2382085,8.35211553338626,schedule
2383580,8.352102776009739,schedule
2384684,8.351086639126871,schedule
2385544,8.350782897187601,schedule
2386245,8.350639943846685,schedule
2386834,8.350292878171809,schedule
2387796,8.34993839569887,schedule
2388736,8.349775998048017,schedule
2389388,8.349327799876331,schedule
2389938,8.348451960877458,schedule
2390975,8.348071829354778,schedule
2391739,8.347467473852172,schedule
2392785,8.347325384407016,schedule
2393492,8.347271840152555,schedule
2394453,8.346985079086778,schedule
2395163,8.346696263856135,schedule
2396009,8.346531978169459,schedule
2396730,8.34641927790057,schedule
2397702,8.345678203443285,schedule
2398377,8.345459323074941,schedule
2400007,8.345453831025637,schedule
2402124,8.345197351288654,schedule
2402751,8.344727567208462,schedule
2403602,8.343883577606185,schedule
2404706,8.34385990130857,schedule
2405426,8.343806054629532,schedule
2406170,8.343603456662532,schedule
2406822,8.343511585246496,schedule
2407513,8.343349118152968,schedule
2408321,8.343248171531751,schedule
2408943,8.34308993400833,schedule
2409558,8.342843989041544,schedule
2410165,8.342743033763064,schedule
2410856,8.342483569909106,schedule
2411464,8.342301406328353,schedule
2412719,8.342207096705845,schedule
2413442,8.341658228926118,schedule
2414331,8.34159405561369,schedule
2414983,8.34145629752999,schedule
2415616,8.341081843444066,schedule
2417579,8.340529980273676,schedule
2418541,8.34018037658345,schedule
2419128,8.340126983319095,schedule
2419847,8.339973485530198,schedule
2420693,8.33958283540461,schedule
2421453,8.339444381185139,schedule
2422207,8.338924205145965,schedule
2422920,8.338334337064065,schedule
2423514,8.338330498215027,schedule
2424265,8.338291592670307,schedule
2424866,8.337662710105038,schedule
2425708,8.336860550413109,schedule
2426521,8.336427114848329,schedule
2427464,8.336245916987698,schedule
2428075,8.33581901492955,schedule
2429017,8.335714012342336,schedule
2429658,8.335449971761639,schedule
2430296,8.333796023438266,schedule
2431061,8.333599768097196,schedule
2431818,8.333559972104412,schedule
2432442,8.333551451880362,schedule
2433234,8.333424249545482,schedule
2434263,8.33051093419593,schedule
2434876,8.329294610846627,schedule
2435495,8.329211602345591,schedule
2436295,8.329120366601199,schedule
2437113,8.327225955235837,schedule
2437925,8.327214819819948,schedule
2438509,8.327164567912776,schedule
2439006,8.327163368166746,schedule
2439624,8.32703729499943,schedule
2440363,8.326942910357616,schedule
2441001,8.325610425171742,schedule
2441654,8.325499648645513,schedule
2442400,8.324826941937838,schedule
2443132,8.324103127035341,schedule
2443680,8.323042022416553,schedule
2444348,8.322124746530585,schedule
2444991,8.32139760731924,schedule
2445541,8.32130014326478,schedule
2446202,8.321297391121822,schedule
2447167,8.321159276312342,schedule
2447855,8.321089045464054,schedule
2448414,8.320596758450202,schedule
2449108,8.320542944100529,schedule
2449782,8.320132785804395,schedule
2450383,8.31952783502434,schedule
2451038,8.319510712535157,schedule
2451891,8.31903889405408,schedule
2452593,8.318991940285901,schedule
2453211,8.318953660834717,schedule
2454004,8.318904045254671,schedule
2454567,8.315380826840709,schedule
2455093,8.31470622317907,schedule
2455695,8.314655996250579,schedule
2456505,8.314466076201274,schedule
2457167,8.31391285890064,schedule
2457804,8.313911377900382,schedule
2458331,8.313429153003288,schedule
2459024,8.31310920813739,schedule
2461117,8.313039659489942,schedule
2461853,8.312951451945356,schedule
2462408,8.312906605121427,schedule
2463391,8.309933270689498,schedule
2464261,8.308424679947228,schedule
2464923,8.308411778308024,schedule
2466273,8.307795205821034,schedule
2467302,8.306550052273781,schedule
2468067,8.306265868470849,schedule
2468599,8.306265667971306,schedule
2469325,8.305290063778788,schedule
2469924,8.3025515247156,schedule
2470586,8.301530949343254,schedule
2471189,8.301509624361223,schedule
2471910,8.296068154916114,schedule
2472740,8.296018219710202,schedule
2473501,8.295721713999956,schedule
2474104,8.295691104931556,schedule
2474726,8.295558028333215,schedule
2475355,8.295524940534008,schedule
2476866,8.295524948011842,schedule
2477543,8.29529288808617,schedule
2478215,8.294808959839047,schedule
2478831,8.294742557324861,schedule
2479831,8.294606830582266,schedule
2480464,8.289230515475788,schedule
2481055,8.288444871916797,schedule
2481756,8.288146483048806,schedule
2482284,8.287348548655878,schedule
2482950,8.28652327595578,schedule
2483649,8.2858672104895,schedule
2484343,8.285551303900917,schedule
2484930,8.28540572640153,schedule
2485733,8.28501236724035,schedule
2486509,8.28479875771656,schedule
2487286,8.28408357512217,schedule
2487932,8.28398438513272,schedule
2488535,8.283929504029174,schedule
2489183,8.283912176103852,schedule
2489864,8.279023084289209,schedule
2490490,8.27833214752822,schedule
2491188,8.278137880408535,schedule
2491823,8.278091961228325,schedule
2492579,8.277531466607206,schedule
2493232,8.275114070450188,schedule
2493892,8.273831814455457,schedule
2494856,8.273730804334603,schedule
2495446,8.273608194604707,schedule
2496141,8.273608198513438,schedule
2496695,8.273571179208334,schedule
2497292,8.273571186933006,schedule
2498213,8.273090879904869,schedule
2498848,8.263162857957257,schedule
2499492,8.219171617632695,schedule
2500264,8.218951133095773,schedule
2500926,8.218675988207929,schedule
2501734,8.21833249112611,schedule
2502347,8.211736123322625,schedule
2502938,8.209099037497795,schedule
2503586,8.208969424941593,schedule
2504202,8.208960986229679,schedule
2504817,8.203600605153353,schedule
2505362,8.202097483557909,schedule
2506000,8.197156504946085,schedule
2507032,8.19629604484186,schedule
2507721,8.194611894232674,schedule
2508294,8.19414243442174,schedule
2508951,8.193630182147626,schedule
2509670,8.193323335818068,schedule
2510328,8.19317258977119,schedule
2510939,8.19120892517375,schedule
2511439,8.190181773109085,schedule
2512083,8.187838640289389,schedule
2512670,8.187704377003445,schedule
2513218,8.185555532202129,schedule
2513710,8.18374312891301,schedule
2514326,8.181669309730763,schedule
2514896,8.18161478013005,schedule
2515465,8.180868064299021,schedule
2516092,8.180868014840774,schedule
2516868,8.180791602948021,schedule
2519526,8.1806705511818,schedule
2520171,8.180488334022657,schedule
2520962,8.180073928671673,schedule
2554336,8.076209439887865,schedule
2571436,7.993898332586727,schedule
2573687,7.99389811236563,schedule
2574756,7.993788853690349,schedule
2575555,7.993784169487665,schedule
2577676,7.993382884056178,schedule
2580395,7.993369133588415,schedule
2582589,7.992038094366277,schedule
2583696,7.991658449060125,schedule
2584834,7.9911159157139755,schedule
2585914,7.990970241363207,schedule
2586522,7.990858694813796,schedule
2587185,7.990561298438049,schedule
2587762,7.990547485149016,schedule
2588964,7.990371848667567,schedule
2590876,7.990292901359225,schedule
2591631,7.99021772047974,schedule
2592315,7.99020405870363,schedule
2593136,7.989994213235115,schedule
2593761,7.9899706406599815,schedule
2594364,7.989883402118481,schedule
2595780,7.989847301413495,schedule
2596701,7.989395977995186,schedule
2598281,7.98916904915709,schedule
2598864,7.989164878650859,schedule
2599544,7.989137086565849,schedule
2600130,7.987955349381738,schedule
2600967,7.987777414613017,schedule
2601778,7.9877349092914764,schedule
2602539,7.987370159907308,schedule
2603426,7.9873636375546715,schedule
2604119,7.987238951923765,schedule
2605078,7.987133035885893,schedule
2605700,7.987034537974341,schedule
2606314,7.986855215099366,schedule
2607008,7.986370297009849,schedule
2607584,7.9862439359130795,schedule
2608225,7.986061571186435,schedule
2609315,7.986002875229515,schedule
2609948,7.98542125469331,schedule
2610823,7.985399629422337,schedule
2611449,7.985340714414235,schedule
2612069,7.984777701692346,schedule
2614645,7.984117695590998,schedule
2615310,7.983722866898003,schedule
2615923,7.983541732088899,schedule
2616634,7.9831741695750935,schedule
2617404,7.983062849102232,schedule
2618344,7.98298545269183,schedule
2618933,7.982981121796845,schedule
2619987,7.982528374419973,schedule
2620705,7.982186253707479,schedule
2621562,7.981823048923774,schedule
2622359,7.981810772918145,schedule
2623049,7.9809336741500765,schedule
2623696,7.980074107647104,schedule
2624562,7.979895698689595,schedule
2625379,7.979837366737373,schedule
2626218,7.978448792308555,schedule
2626967,7.978277429062915,schedule
2627632,7.978011226561778,schedule
2628270,7.977959372991897,schedule
2628999,7.9777097973458115,schedule
2629788,7.9777004938103815,schedule
2630605,7.977581255671318,schedule
2631661,7.97530064406241,schedule
2632392,7.973820213323632,schedule
2633125,7.973587795428927,schedule
2634271,7.972665929644034,schedule
2635050,7.972650638626002,schedule
2635621,7.972571203579467,schedule
2636223,7.972532800229163,schedule
2636799,7.972525035370186,schedule
2637440,7.972163837540313,schedule
2638384,7.970888298631431,schedule
2638965,7.970557625114482,schedule
2639755,7.970193165666897,schedule
2640515,7.9691819897102185,schedule
2641280,7.968875697474919,schedule
2641945,7.9684644248365135,schedule
2642549,7.9682662145644905,schedule
2643143,7.968265644224954,schedule
2643949,7.968079218710714,schedule
2644821,7.967974638050976,schedule
2645419,7.967871973129205,schedule
2646132,7.9678634660370085,schedule
2646932,7.967611745601286,schedule
2647482,7.967462868724772,schedule
2648699,7.96543672042476,schedule
2649269,7.965412624478056,schedule
2649974,7.965259386012436,schedule
2650439,7.965251947275667,schedule
2651022,7.965187580485179,schedule
2651573,7.96450378940987,schedule
2652132,7.964240395268898,schedule
2652734,7.96373722313016,schedule
2654611,7.9637336042575555,schedule
2655214,7.962750565169822,schedule
2655923,7.9627220581323535,schedule
2656829,7.962645851300033,schedule
2657398,7.961796225093897,schedule
2657997,7.961758716696926,schedule
2658610,7.961748613349541,schedule
2659350,7.961725718784567,schedule
2660171,7.9617256773642335,schedule
2660933,7.961279704618893,schedule
2661982,7.960302769141337,schedule
2662791,7.960119935347515,schedule
2663559,7.9595987961143875,schedule
2664136,7.959129829073361,schedule
2664790,7.957578027474531,schedule
2665427,7.957547789932844,schedule
2666441,7.957496988585987,schedule
2667272,7.9570619822973905,schedule
2667985,7.956981409185882,schedule
2669531,7.95698143726006,schedule
2670243,7.956460844114307,schedule
2670831,7.955670754003332,schedule
2671441,7.95486390672931,schedule
2672059,7.954802955188778,schedule
2673188,7.948827350473744,schedule
2674066,7.948266264630341,schedule
2674853,7.948222808853027,schedule
2675583,7.947909418446249,schedule
2676253,7.9474802086852385,schedule
2677003,7.947376533017259,schedule
2677775,7.947034280155272,schedule
2678512,7.946759894428818,schedule
2679257,7.9464013936584275,schedule
2679913,7.94585257589301,schedule
2680511,7.9456979112090815,schedule
2681146,7.945658924992864,schedule
2682127,7.94562284762369,schedule
2683041,7.944739941362753,schedule
2683649,7.944450820000471,schedule
2684462,7.944305053512353,schedule
2685209,7.944050380477388,schedule
2685861,7.944050339058593,schedule
2686412,7.943894369873431,schedule
2687124,7.943454485772398,schedule
2687851,7.943392176444283,schedule
2688739,7.937451098206686,schedule
2689442,7.937439636650777,schedule
2690280,7.936606954673129,schedule
2690902,7.933238085594099,schedule
2691529,7.930111072181,schedule
2692228,7.9300976606007,schedule
2693042,7.9279760378669435,schedule
2693801,7.9274039265983145,schedule
2694551,7.92701443723056,schedule
2695785,7.926970394682303,schedule
2696341,7.925297156465049,schedule
2696987,7.924373369450533,schedule
2697650,7.923138066911532,schedule
2698231,7.922591043647129,schedule
2698772,7.921569727303616,schedule
2699317,7.920822189387958,schedule
2699949,7.9195636117200925,schedule
2700484,7.918933350179787,schedule
2701045,7.918822448465616,schedule
2701639,7.918822175237763,schedule
2702237,7.918822146706299,schedule
2705068,7.918784522465124,schedule
2705794,7.918704900052182,schedule
2706442,7.918696775722285,schedule
2707165,7.918243399872629,schedule
2709581,7.917799451657866,schedule
2710687,7.917656940949562,schedule
2712350,7.917637035326378,schedule
2713916,7.917629229604852,schedule
2714899,7.917257295469787,schedule
2716096,7.917022859617259,schedule
2716976,7.915867602774254,schedule
2717966,7.915444448881369,schedule
2718910,7.914259254817167,schedule
2719584,7.914205817923492,schedule
2720252,7.913722147189552,schedule
2721042,7.913562853622936,schedule
2721711,7.913496158154518,schedule
2755436,7.9049335591494945,schedule
2770863,7.869936621991065,schedule
2863129,7.869936216393584,schedule
2864005,7.869873023031505,schedule
2864779,7.869860195966259,schedule
2869197,7.869837702597181,schedule
2870764,7.869829755581381,schedule
2871923,7.868642715504721,schedule
2873711,7.868503183606739,schedule
2874774,7.868483763905453,schedule
2875427,7.868287839169283,schedule
2876637,7.86808812185735,schedule
2877438,7.8678826921246685,schedule
2879029,7.867606324921786,schedule
2880032,7.867496210012875,schedule
2880740,7.8672653226827896,schedule
2881323,7.8671705605943245,schedule
2882061,7.867058821312217,schedule
2883007,7.866644353730553,schedule
2883818,7.866378249620823,schedule
2885372,7.866355669034906,schedule
2887435,7.86621144804014,schedule
2888340,7.865969321070535,schedule
2888954,7.865212911747053,schedule
2890117,7.864862233252237,schedule
2891262,7.864769657092224,schedule
2891941,7.864675290188229,schedule
2892684,7.864665850544329,schedule
2893309,7.864597996234044,schedule
2893981,7.864516102881183,schedule
2894696,7.8642544132531,schedule
2895235,7.864101608282907,schedule
2896407,7.864069195326476,schedule
2897066,7.863635147393194,schedule
2897953,7.863632157580835,schedule
2898643,7.863539124207204,schedule
2901340,7.8628187294469924,schedule
2902000,7.862618941168933,schedule
2902652,7.862477662375142,schedule
2903425,7.8623006619879865,schedule
2904144,7.862121611000164,schedule
2904751,7.8621181383356005,schedule
2905338,7.861844939562595,schedule
2906029,7.861742845452074,schedule
2907155,7.86140381692484,schedule
2907907,7.8599986104104955,schedule
2908816,7.859365935575848,schedule
2909785,7.858866375568762,schedule
2910561,7.858704304892174,schedule
2911300,7.8586732244356305,schedule
2912169,7.857458359131314,schedule
2912944,7.85732591876685,schedule
2913900,7.857148742227114,schedule
2914555,7.857146523263649,schedule
2915414,7.857044800327354,schedule
2916483,7.855398558152804,schedule
2917217,7.854292382039103,schedule
2918916,7.854284923909234,schedule
2920090,7.854200547596624,schedule
2921210,7.85333008008347,schedule
2921969,7.853136273907472,schedule
2922609,7.8527750799710745,schedule
2923207,7.852626009707235,schedule
2923825,7.85262542157799,schedule
2925043,7.852482871684666,schedule
2925872,7.852427213849643,schedule
2926528,7.852410444054221,schedule
2927383,7.852157733937822,schedule
2928050,7.85211356023609,schedule
2929224,7.852057332241625,schedule
2930413,7.851952630105847,schedule
2931337,7.851461455265319,schedule
2932195,7.851400429279113,schedule
2934271,7.850544610351401,schedule
2934932,7.850503223213114,schedule
2935679,7.8500285654368085,schedule
2936281,7.8500285167770425,schedule
2936808,7.849353317339992,schedule
2937449,7.848689151316249,schedule
2938065,7.848679613494724,schedule
2939126,7.848679573358039,schedule
2939992,7.848313896219344,schedule
2941116,7.847386445114861,schedule
2941856,7.847332174743238,schedule
2942616,7.846921519943923,schedule
2943356,7.846107041468476,schedule
2944509,7.846037123398111,schedule
2945386,7.845649538290505,schedule
2946046,7.845599555848818,schedule
2946665,7.845582475026861,schedule
2948500,7.845489874832689,schedule
2949113,7.844812966037675,schedule
2949713,7.844777997651323,schedule
2950581,7.839995142493728,schedule
2951362,7.835642214945932,schedule
2952300,7.8351775246614075,schedule
2953066,7.8350208955699525,schedule
2953796,7.834827967191483,schedule
2954694,7.834722226769069,schedule
2955526,7.834589558214291,schedule
2956115,7.834135758613918,schedule
2956806,7.833903806854629,schedule
2957662,7.833505723092252,schedule
2958275,7.833235571428529,schedule
2958869,7.833202791058896,schedule
2959895,7.833016138986725,schedule
2960615,7.8323536578709305,schedule
2961342,7.831698376948687,schedule
2962263,7.83156109901298,schedule
2962984,7.831383542839745,schedule
2963587,7.831383559415699,schedule
2964151,7.831286264791118,schedule
2964931,7.831026893902429,schedule
2966315,7.830350210545019,schedule
2966946,7.829406482897907,schedule
2967546,7.828580946252066,schedule
2968171,7.825121455222228,schedule
2968710,7.825065944364282,schedule
2969306,7.825055651102289,schedule
2970296,7.824415900034556,schedule
2970869,7.824382786052793,schedule
2971858,7.824044347831539,schedule
2972498,7.8240115435334845,schedule
2973074,7.822670379915875,schedule
2973622,7.821905704292757,schedule
2974163,7.820636411371559,schedule
2974685,7.819695665119932,schedule
2975322,7.818519550376099,schedule
2975865,7.817813022691802,schedule
2976469,7.816495317097144,schedule
2977014,7.815640807888919,schedule
2977579,7.8155352001102205,schedule
2978156,7.815533655387393,schedule
2978768,7.8155336193605125,schedule
2981590,7.815477176675846,schedule
2982235,7.815080280370263,schedule
2982882,7.81507072820133,schedule
2983516,7.8149077239281395,schedule
2984111,7.814681684885051,schedule
2988392,7.8146359234435545,schedule
2989965,7.814613066504985,schedule
2991018,7.814197923699812,schedule
2991587,7.813671803994195,schedule
2992672,7.81359857448466,schedule
2993291,7.813076263413245,schedule
2994123,7.813000732111136,schedule
2994711,7.81281877947555,schedule
2995795,7.81278129507298,schedule
2996410,7.8126568549679565,schedule
2997015,7.812405111450327,schedule
2997582,7.812182432714514,schedule
2998208,7.811842784501319,schedule
2998878,7.811730230132485,schedule
2999829,7.8115130696945085,schedule
3000399,7.811353831731375,schedule
3001102,7.810976953105188,schedule
3001753,7.8109429231880325,schedule
3002491,7.810779900943748,schedule
3003291,7.810675405641275,schedule
3004035,7.809616811282563,schedule
3004760,7.8090672035513915,schedule
3005329,7.808812526752675,schedule
3005980,7.806228598894915,schedule
3006693,7.805988928636461,schedule
3007251,7.8055951201568075,schedule
3007777,7.804893602913507,schedule
3008361,7.8039817352919565,schedule
3009049,7.803836282773997,schedule
3009793,7.80256354766478,schedule
3010581,7.77622306706718,schedule
3046761,7.742931370956842,schedule
3062139,7.742864479067482,schedule
3064942,7.742810212670003,schedule
3065767,7.74279963933968,schedule
3069097,7.742788856356414,schedule
3070717,7.74274396224654,schedule
3072350,7.742714762325437,schedule
3073541,7.742362453070738,schedule
3075360,7.74232572382108,schedule
3076357,7.742293470076934,schedule
3076972,7.7421201149108265,schedule
3077722,7.741546163618981,schedule
3078424,7.741293010908501,schedule
3079184,7.7411077122624485,schedule
3081089,7.740451990841452,schedule
3081601,7.740056443048603,schedule
3082405,7.73992111210823,schedule
3083303,7.739885476942623,schedule
3083889,7.739830566106645,schedule
3084697,7.739546907781166,schedule
3086550,7.739517684904465,schedule
3087490,7.739343554931585,schedule
3089116,7.739268759558586,schedule
3089716,7.739011269195629,schedule
3090663,7.738945070481417,schedule
3091666,7.738815854226366,schedule
3092726,7.73866259838916,schedule
3093943,7.7386486236374665,schedule
3094586,7.73857407372731,schedule
3095237,7.738534997406244,schedule
3095889,7.738399510017372,schedule
3096658,7.738325949697953,schedule
3097898,7.738307852036736,schedule
3098601,7.737904847893763,schedule
3099338,7.737854181796391,schedule
3099885,7.737837958362311,schedule
3100558,7.737698545270551,schedule
3102593,7.737529058359828,schedule
3103564,7.736934696094527,schedule
3104266,7.7367084034826705,schedule
3104883,7.736526898600536,schedule
3105659,7.736377884504801,schedule
3106422,7.7363124785231046,schedule
3106977,7.736227600977881,schedule
3107548,7.736055422092142,schedule
3108154,7.735821174946332,schedule
3108917,7.735774118572244,schedule
3109508,7.7357720246929595,schedule
3110767,7.734965074534261,schedule
3111662,7.734388601050195,schedule
3112708,7.733997293372835,schedule
3113520,7.7338642191275495,schedule
3114217,7.7334584298123445,schedule
3114805,7.733449155813019,schedule
3115610,7.732318724530283,schedule
3116399,7.732235087713513,schedule
3117292,7.7321755125775,schedule
3118360,7.732061918885476,schedule
3119421,7.72984179092859,schedule
3120103,7.728955224070893,schedule
3121143,7.728580122018651,schedule
3122317,7.728568560081366,schedule
3123287,7.728423482426175,schedule
3124005,7.728351404991775,schedule
3124598,7.72819295904419,schedule
3125569,7.727626383689074,schedule
3126304,7.727181168521803,schedule
3126937,7.7267660071731825,schedule
3127697,7.726763759904321,schedule
3128652,7.72659050287364,schedule
3129311,7.726439759496926,schedule
3129940,7.726424690676368,schedule
3130582,7.726300915042949,schedule
3131323,7.726275444049255,schedule
3132097,7.726112312499626,schedule
3133224,7.7259940915263705,schedule
3133828,7.725989494827903,schedule
3134566,7.7256027509331275,schedule
3135206,7.7255973714224195,schedule
3135903,7.725558036328301,schedule
3136876,7.725501460244592,schedule
3137563,7.7247705869082335,schedule
3138357,7.724642297297138,schedule
3140315,7.724584521829842,schedule
3141092,7.724552945352614,schedule
3141836,7.724413366672572,schedule
3142544,7.724028511070167,schedule
3143230,7.724019808878689,schedule
3144003,7.723996494168649,schedule
3145053,7.723910527487404,schedule
3146008,7.723698470816485,schedule
3146620,7.722758847558898,schedule
3147283,7.722635527192326,schedule
3148046,7.722326521929658,schedule
3148827,7.721675844407308,schedule
3149549,7.721663842087668,schedule
3150672,7.721614557803229,schedule
3151395,7.720910112681673,schedule
3152001,7.7206988858317,schedule
3152755,7.7205135381711,schedule
3154295,7.720513415351757,schedule
3155268,7.720493008517391,schedule
3156494,7.720305752387299,schedule
3157380,7.719981878744937,schedule
3158293,7.719889150464066,schedule
3158869,7.719426329069195,schedule
3159651,7.719329293417839,schedule
3160483,7.719083782782069,schedule
3161171,7.718922393405806,schedule
3161913,7.718887906919813,schedule
3162554,7.718585692145964,schedule
3163187,7.718140020338368,schedule
3163767,7.718088276067755,schedule
3164746,7.717860040480699,schedule
3165329,7.717505856120767,schedule
3166169,7.717427545168341,schedule
3166954,7.7167190948611735,schedule
3167649,7.716528743129316,schedule
3168318,7.716050383103589,schedule
3168962,7.715897508627115,schedule
3169611,7.715652761882491,schedule
3171076,7.7155821269771785,schedule
3171673,7.71554940870155,schedule
3172331,7.714897519729403,schedule
3172933,7.7139969202171015,schedule
3173641,7.711648296629642,schedule
3174293,7.711644823879183,schedule
3176243,7.711617939391248,schedule
3176807,7.709932542190952,schedule
3177344,7.7094211377606765,schedule
3177928,7.70833873146806,schedule
3178533,7.707672584047081,schedule
3179086,7.706967654591232,schedule
3179626,7.706366634073057,schedule
3180258,7.703074852094612,schedule
3180774,7.702262010013457,schedule
3181331,7.701600082867235,schedule
3182007,7.701596956935136,schedule
3185030,7.70124685265874,schedule
3185642,7.701237342237093,schedule
3186235,7.701106223780852,schedule
3188237,7.701034676684232,schedule
3189355,7.700045563900101,schedule
3191172,7.700003937724418,schedule
3192375,7.69996761547378,schedule
3192872,7.699708368160452,schedule
3193545,7.699280704445378,schedule
3194272,7.699101049740498,schedule
3195422,7.698993253704077,schedule
3196012,7.698545657551019,schedule
3197015,7.6984605006821365,schedule
3197887,7.6972495970457935,schedule
3198478,7.697239557529238,schedule
3199123,7.696980100601813,schedule
3199817,7.696732085474335,schedule
3200517,7.696368578253308,schedule
3201511,7.696292462876102,schedule
3202126,7.696277973266309,schedule
3202882,7.696262672165121,schedule
3203645,7.69613637160131,schedule
3204388,7.696116240822636,schedule
3205107,7.69607366045734,schedule
3205790,7.695687483167289,schedule
3206362,7.6955858214914254,schedule
3207025,7.695109450428201,schedule
3207751,7.694995907847329,schedule
3208517,7.6949424982938925,schedule
3209337,7.694318204871633,schedule
3209894,7.693473165186945,schedule
3210442,7.693108029854291,schedule
3211020,7.6928452554677955,schedule
3211621,7.692768429346003,schedule
3248710,7.683768235759847,schedule
3356563,7.683717577214408,schedule
3357460,7.683710853324882,schedule
3360840,7.683583299400277,schedule
3362442,7.683571042067518,schedule
3364707,7.68354199463443,schedule
3366520,7.68349656934777,schedule
3367568,7.683488181146259,schedule
3368169,7.683256289677046,schedule
3369596,7.683221567955286,schedule
3371168,7.683181734381098,schedule
3372452,7.683099358689919,schedule
3373215,7.683098438548159,schedule
3374180,7.682849681274111,schedule
3376060,7.682841157134805,schedule
3377021,7.6828261526523045,schedule
3378629,7.682758502504408,schedule
3379265,7.682446823020943,schedule
3379896,7.682336853201589,schedule
3380553,7.68229384216713,schedule
3381171,7.6820643437096985,schedule
3381753,7.682063987617132,schedule
3383336,7.681907237633439,schedule
3383930,7.681861329630437,schedule
3384538,7.6818376299166,schedule
3385456,7.6817691883796355,schedule
3386086,7.681701018607406,schedule
3386668,7.681505622855527,schedule
3387411,7.681418888927884,schedule
3388112,7.681344776875644,schedule
3389382,7.68134219960786,schedule
3390074,7.6809544186576515,schedule
3391030,7.680952079841519,schedule
3391681,7.680843688909059,schedule
3394313,7.68021529307063,schedule
3394984,7.679846645331879,schedule
3395579,7.679689547938512,schedule
3396451,7.679535414339549,schedule
3397179,7.679401320377071,schedule
3397806,7.679235430695289,schedule
3398353,7.679002626681665,schedule
3399099,7.678988399956677,schedule
3399707,7.6789873337929615,schedule
3400448,7.6789157754764155,schedule
3401393,7.677861141643476,schedule
3402289,7.677341113922676,schedule
3403103,7.677274662425534,schedule
3403785,7.676799098818512,schedule
3404743,7.676699200279292,schedule
3405365,7.676671609355593,schedule
3406253,7.675627636965491,schedule
3406974,7.67555800507682,schedule
3408035,7.675548959141559,schedule
3408856,7.675418793169165,schedule
3409980,7.6740158839121895,schedule
3410696,7.673310372994328,schedule
3412427,7.673304375776053,schedule
3413310,7.673160772981191,schedule
3413870,7.672736426248832,schedule
3414473,7.671494906434274,schedule
3415000,7.671301654530247,schedule
3415717,7.671294407399493,schedule
3416410,7.670983714718604,schedule
3417083,7.6704085328158955,schedule
3417668,7.670078620052974,schedule
3418279,7.670077207360752,schedule
3418833,7.670073133677775,schedule
3419507,7.670002238708331,schedule
3420086,7.669709320400771,schedule
3420854,7.669694967668215,schedule
3421415,7.669593390308399,schedule
3421848,7.66956079338355,schedule
3422671,7.669527170021328,schedule
3423203,7.669526119920199,schedule
3423927,7.669517160060362,schedule
3424605,7.6694143739023675,schedule
3425340,7.669408848422302,schedule
3425940,7.668970606169919,schedule
3426663,7.668881082266239,schedule
3428636,7.668815796792314,schedule
3429381,7.668800748416875,schedule
3429951,7.6686941745120984,schedule
3430825,7.668453004775068,schedule
3431463,7.668444815314743,schedule
3432802,7.668395770658975,schedule
3433816,7.667409074387588,schedule
3434566,7.667383933303475,schedule
3435316,7.667184744900106,schedule
3436054,7.666654522615539,schedule
3436727,7.666635078699433,schedule
3437741,7.666628671607509,schedule
3438552,7.666435834371077,schedule
3439182,7.666211380263841,schedule
3439761,7.666129200296353,schedule
3440472,7.666117458736603,schedule
3441706,7.66599187042603,schedule
3442548,7.665888788559387,schedule
3443147,7.665747740405455,schedule
3443769,7.665669388701208,schedule
3445245,7.665388752739014,schedule
3445934,7.665249065066178,schedule
3446684,7.665077406867939,schedule
3447426,7.665017764414771,schedule
3448035,7.6649566356321355,schedule
3448838,7.66485542170399,schedule
3449574,7.664736093008653,schedule
3450421,7.664705100853782,schedule
3451061,7.6641365753626935,schedule
3451669,7.664078909496592,schedule
3452409,7.663975336204017,schedule
3453183,7.663642050260108,schedule
3453800,7.663203402214095,schedule
3454732,7.663146011997923,schedule
3455592,7.663016502637466,schedule
3456229,7.662908076810702,schedule
3456854,7.662851690585068,schedule
3457452,7.662684971515822,schedule
3459164,7.662567391861366,schedule
3459870,7.661930869085026,schedule
3460455,7.661799607784245,schedule
3461105,7.658633315815272,schedule
3461791,7.6586145000844885,schedule
3462859,7.658248221655109,schedule
3463492,7.657908045956869,schedule
3464080,7.657757780051135,schedule
3465402,7.6577241325765515,schedule
3466188,7.657197420117434,schedule
3466866,7.6560862776155,schedule
3467443,7.655761011591671,schedule
3468012,7.6514320054385365,schedule
3468693,7.650701977382057,schedule
3469449,7.650700681601086,schedule
3472412,7.650647264514354,schedule
3473149,7.650260483295559,schedule
3473741,7.650258850641193,schedule
3474383,7.649953919430253,schedule
3475496,7.649699543878201,schedule
3477304,7.649378353084858,schedule
3478943,7.6493127026478,schedule
3479989,7.64916155011298,schedule
3480780,7.649117585820657,schedule
3482347,7.6491074606567695,schedule
3483508,7.649074327286732,schedule
3484441,7.6490471936036775,schedule
3485188,7.649043642719923,schedule
3485784,7.6481834538438145,schedule
3486771,7.648169092371889,schedule
3487805,7.64814726534333,schedule
3488439,7.648017358024695,schedule
3489074,7.647894402404984,schedule
3489783,7.647579398730114,schedule
3490492,7.6475201593958975,schedule
3491405,7.647439675538998,schedule
3492029,7.647407147068087,schedule
3492770,7.647280431741534,schedule
3494320,7.647207931610033,schedule
3494932,7.647153201663953,schedule
3495552,7.646937587596476,schedule
3496211,7.6468921864512565,schedule
3496827,7.646718988507926,schedule
3497501,7.646493806041693,schedule
3498743,7.646241554360542,schedule
3499384,7.646014848042914,schedule
3499961,7.645788536758273,schedule
3500518,7.645691632347033,schedule
3501360,7.645540465563212,schedule
3502931,7.645401936837202,schedule
3535948,7.642924197507528,schedule
3552980,7.642918334171181,schedule
3557298,7.642882594680441,schedule
3558756,7.642862497983914,schedule
3560267,7.642793093683742,schedule
3561543,7.642740891000184,schedule
3562599,7.642731815631532,schedule
3563160,7.6425663089564555,schedule
3564230,7.642434424445734,schedule
3565062,7.642395917815308,schedule
3567426,7.642263135514125,schedule
3568593,7.642232252325116,schedule
3569311,7.641780822726396,schedule
3572373,7.641710444644621,schedule
3572979,7.641703152859442,schedule
3573635,7.641651717163327,schedule
3574309,7.64156053605646,schedule
3575013,7.641560202819519,schedule
3576114,7.641492078416118,schedule
3577036,7.641472295432628,schedule
3578313,7.641395521223781,schedule
3579279,7.641163160846241,schedule
3579923,7.641160254576239,schedule
3580513,7.6411569639516,schedule
3581561,7.6411503324147905,schedule
3582228,7.64082047256043,schedule
3582966,7.640811516187625,schedule
3583597,7.640806528893439,schedule
3584265,7.640734348455773,schedule
3586541,7.640508978905153,schedule
3587525,7.640235041672758,schedule
3588156,7.639899873903397,schedule
3588776,7.639859482959702,schedule
3589574,7.639831564439193,schedule
3590314,7.6397501378648816,schedule
3590992,7.639596260586617,schedule
3591969,7.639591785036557,schedule
3592778,7.639587566739053,schedule
3593770,7.639030925635552,schedule
3594585,7.638449168302981,schedule
3595304,7.6384015162911165,schedule
3596033,7.637975485829447,schedule
3596848,7.637927553263609,schedule
3597520,7.637795626788815,schedule
3598131,7.637778403046135,schedule
3598937,7.637001740901546,schedule
3599704,7.636957539352734,schedule
3600323,7.63693986365409,schedule
3601215,7.636905041448811,schedule
3601777,7.636882636813222,schedule
3602505,7.636805150539854,schedule
3603602,7.636054498436391,schedule
3604334,7.635438340643371,schedule
3606139,7.635429068190345,schedule
3607014,7.635227341739907,schedule
3608292,7.63493535606726,schedule
3609090,7.634378262925936,schedule
3609719,7.634028664404489,schedule
3610464,7.6340255572620865,schedule
3611464,7.633970539450399,schedule
3612320,7.633798468192507,schedule
3613027,7.633758194052094,schedule
3613794,7.633681084108547,schedule
3615031,7.633642088675585,schedule
3616022,7.633517101391731,schedule
3616691,7.6334636827377595,schedule
3617582,7.633093634234046,schedule
3618330,7.632908516245999,schedule
3620315,7.632842627177977,schedule
3620947,7.632809398319145,schedule
3621585,7.632792543938032,schedule
3622173,7.632621090842465,schedule
3623055,7.632475199535952,schedule
3623637,7.631985001077397,schedule
3624251,7.631981058683071,schedule
3626105,7.631095657457392,schedule
3626845,7.6310832749713065,schedule
3627562,7.630955758489702,schedule
3628267,7.630676559685501,schedule
3629290,7.630661918073754,schedule
3630068,7.630522595635225,schedule
3630760,7.630460876093731,schedule
3633545,7.630261689510542,schedule
3634259,7.63022663489808,schedule
3634940,7.630168183792073,schedule
3635786,7.630117583581856,schedule
3636549,7.630044085553308,schedule
3637338,7.6299449182237735,schedule
3638025,7.629906623070438,schedule
3638803,7.629853905651543,schedule
3639405,7.629277909609898,schedule
3639967,7.6292577486001045,schedule
3640747,7.629037690455358,schedule
3641363,7.628442649626558,schedule
3641915,7.628304624727712,schedule
3642905,7.627941356266052,schedule
3643840,7.627857560746652,schedule
3644635,7.627815662780775,schedule
3645277,7.627570702913064,schedule
3646095,7.627509587584081,schedule
3646896,7.627302125858099,schedule
3647952,7.627275512312922,schedule
3648639,7.627040274050929,schedule
3649263,7.626303651061723,schedule
3649924,7.6240864597531,schedule
3650568,7.62399500737357,schedule
3651244,7.623978391092344,schedule
3652222,7.62393524589575,schedule
3653671,7.623909170092943,schedule
3654262,7.622339736890914,schedule
3654815,7.621939301701377,schedule
3655365,7.620988239806254,schedule
3655925,7.620832921337427,schedule
3656530,7.620116819403185,schedule
3657069,7.619426838351755,schedule
3657652,7.616129112352034,schedule
3658188,7.614993910084058,schedule
3658691,7.614429524804902,schedule
3659371,7.61442839131349,schedule
3662130,7.614424344934319,schedule
3662882,7.614236281099269,schedule
3663497,7.614234064166383,schedule
3664131,7.613844191928602,schedule
3666424,7.6137851074038965,schedule
3667354,7.61369392681507,schedule
3668616,7.613648677096003,schedule
3670214,7.613615869475013,schedule
3671853,7.6136158232819655,schedule
3673759,7.613594225267015,schedule
3674368,7.6133056481729895,schedule
3675379,7.6131581866210585,schedule
3676277,7.612655545967354,schedule
3676894,7.61265124861635,schedule
3677459,7.61256979897647,schedule
3678059,7.612560494102104,schedule
3678672,7.612209075687969,schedule
3679317,7.612120374859285,schedule
3680464,7.61200801105911,schedule
3681114,7.611997988256019,schedule
3682137,7.611831851335373,schedule
3682902,7.61175047841718,schedule
3683686,7.611720160146502,schedule
3684469,7.6115244572385,schedule
3685306,7.611224800414077,schedule
3686026,7.611107491482296,schedule
3686771,7.6110655489163,schedule
3687718,7.611007957303275,schedule
3691130,7.6109528766091215,schedule
3692126,7.610931825977992,schedule
3693227,7.610877647833582,schedule
3694899,7.610863177381617,schedule
3695763,7.5928130179820315,schedule
3696334,7.591700331127454,schedule
3697003,7.591614618952265,schedule
3697661,7.591590645095234,schedule
3698291,7.591578920289642,schedule
3698913,7.591472327364122,schedule
3699631,7.59040470830078,schedule
3700253,7.590398257885208,schedule
3730729,7.585903797559731,schedule
3746312,7.583022782959264,schedule
3839003,7.583021177744253,schedule
3839659,7.582979619140469,schedule
3840281,7.582975727509303,schedule
3840859,7.582942693995984,schedule
3844971,7.582928175762331,schedule
3847832,7.582546173881307,schedule
3849463,7.582541439688996,schedule
3850087,7.582460340389775,schedule
3851568,7.582416734058701,schedule
3853989,7.582358130564378,schedule
3854683,7.582326129521718,schedule
3855623,7.582321383374168,schedule
3856367,7.582245518955414,schedule
3857968,7.582239628663319,schedule
3859918,7.582196546609461,schedule
3860541,7.582187788526553,schedule
3861166,7.582011722752715,schedule
3862468,7.581929213132363,schedule
3863585,7.581918731389715,schedule
3864286,7.581899185529025,schedule
3865125,7.581687829742233,schedule
3865778,7.581632116663787,schedule
3866378,7.581499698529809,schedule
3867022,7.581445214770793,schedule
3867722,7.579981972326435,schedule
3868330,7.579858116160885,schedule
3868972,7.579657538556097,schedule
3870168,7.579539936634266,schedule
3870906,7.579460649879838,schedule
3871582,7.579434281369698,schedule
3872241,7.579326534878048,schedule
3872888,7.5787780592796095,schedule
3875786,7.5783643157680896,schedule
3876440,7.578178294833426,schedule
3877043,7.5781285552168995,schedule
3877847,7.578070440954406,schedule
3878575,7.577904918768128,schedule
3879257,7.577843525474142,schedule
3879828,7.577821269921343,schedule
3880520,7.5777147371613145,schedule
3881137,7.577712254620845,schedule
3881939,7.577631556306324,schedule
3882497,7.577106027324586,schedule
3883170,7.575684166414966,schedule
3883993,7.575385373599385,schedule
3884565,7.573203497190613,schedule
3885176,7.572938570487552,schedule
3885898,7.572672598084131,schedule
3886691,7.572524736431402,schedule
3887934,7.571811735094232,schedule
3888682,7.571789079774617,schedule
3889312,7.5717141628257965,schedule
3889921,7.571712082644134,schedule
3890798,7.571710408971911,schedule
3891582,7.571692679793272,schedule
3892717,7.571179867448876,schedule
3893396,7.570619758092211,schedule
3895184,7.570605211320179,schedule
3896203,7.570424324241879,schedule
3897522,7.570295504925692,schedule
3898210,7.569706849548659,schedule
3898780,7.569440185322512,schedule
3899449,7.569438921351412,schedule
3900215,7.5694080121212055,schedule
3900844,7.569086445913241,schedule
3901329,7.568986662081907,schedule
3901936,7.568853971544925,schedule
3902422,7.568743412991397,schedule
3903203,7.568725182483823,schedule
3904006,7.568663273419941,schedule
3904654,7.568636065096478,schedule
3905263,7.5677827062932295,schedule
3906562,7.567127338848724,schedule
3907218,7.567119323638409,schedule
3907826,7.5670384778196595,schedule
3908458,7.566883250201486,schedule
3909108,7.566212042702353,schedule
3909746,7.566158736015951,schedule
3910398,7.565783895828506,schedule
3911177,7.565635667416472,schedule
3913194,7.565616002119881,schedule
3913847,7.565567921890604,schedule
3914456,7.565507834883447,schedule
3914971,7.565495264510426,schedule
3915506,7.565486707337943,schedule
3916359,7.565052838781979,schedule
3916986,7.565049601392747,schedule
3917764,7.56493419713437,schedule
3918836,7.564802039335729,schedule
3919836,7.563920497883415,schedule
3920548,7.563903419051635,schedule
3921307,7.5637728806170275,schedule
3922058,7.563501226045335,schedule
3922701,7.5635002140543754,schedule
3923765,7.563493955486091,schedule
3924588,7.563382150905633,schedule
3925247,7.5633148160789965,schedule
3925843,7.563275032856312,schedule
3927310,7.563275007862341,schedule
3927985,7.563006352236989,schedule
3928596,7.562795222617001,schedule
3930353,7.562642051022709,schedule
3931125,7.562533724008406,schedule
3931710,7.562393284909166,schedule
3932355,7.562352227390131,schedule
3932984,7.56229324610775,schedule
3933825,7.562171902968644,schedule
3934636,7.562106956429568,schedule
3935527,7.562054680321565,schedule
3936112,7.56171486262677,schedule
3937259,7.561428252113899,schedule
3938190,7.561378073545527,schedule
3939194,7.561296653772351,schedule
3939874,7.561278393437989,schedule
3940502,7.561277049488296,schedule
3941093,7.560947882644654,schedule
3943028,7.560390954540102,schedule
3943763,7.5582920495527715,schedule
3944437,7.558286107263635,schedule
3945440,7.558028376979696,schedule
3946049,7.557663368445086,schedule
3947491,7.557640750858535,schedule
3948068,7.55634004823721,schedule
3948671,7.555877957721461,schedule
3949281,7.554953573804908,schedule
3949869,7.554892425930441,schedule
3950399,7.554089682763794,schedule
3950936,7.553075927187081,schedule
3951541,7.552905096103268,schedule
3952125,7.549660276626412,schedule
3952689,7.548249909977742,schedule
3953299,7.547864889353811,schedule
3953918,7.547711467247795,schedule
3954503,7.547708418416728,schedule
3955075,7.547708281743923,schedule
3957996,7.547649289428967,schedule
3958635,7.547407807817941,schedule
3959315,7.547406762293609,schedule
3959988,7.547297867335373,schedule
3962594,7.546489835480173,schedule
3964770,7.5464790630772125,schedule
3965865,7.545533016220166,schedule
3966905,7.545532199865589,schedule
3967972,7.544414408035628,schedule
3968707,7.544181576968571,schedule
3970930,7.544176865077069,schedule
3971611,7.543991393525402,schedule
3972211,7.54398384590952,schedule
3973112,7.543862101549109,schedule
3974147,7.543798073262528,schedule
3974774,7.54375320691708,schedule
3975534,7.543731636550236,schedule
3976829,7.54371925234352,schedule
3977556,7.54370869225473,schedule
3978319,7.54369881152267,schedule
3979006,7.54362771834885,schedule
3979621,7.543551696508392,schedule
3980364,7.543467390662298,schedule
3980945,7.543355526757045,schedule
3982098,7.543342646283185,schedule
3983539,7.543292449355351,schedule
3984484,7.54319692397928,schedule
3986188,7.543166229966638,schedule
3987058,7.543132638612662,schedule
4020367,7.53181405433362,schedule
4036749,7.5318073318461725,schedule
4037604,7.531804381619924,schedule
4041942,7.531776525342061,schedule
4043347,7.531758369105427,schedule
4046109,7.531756279230826,schedule
4046684,7.5315767899767065,schedule
4047311,7.531478184890777,schedule
4048528,7.531444293462624,schedule
4050367,7.531331166594024,schedule
4051126,7.53129912805434,schedule
4052209,7.531249841412083,schedule
4054472,7.5311603840268315,schedule
4056126,7.531141609301573,schedule
4056762,7.531111467711167,schedule
4057460,7.530981334915703,schedule
4058835,7.5308885340683265,schedule
4060062,7.5308680872068745,schedule
4060884,7.530677825689251,schedule
4061442,7.5305868248827785,schedule
4062519,7.529024166986638,schedule
4063208,7.5289090273909,schedule
4063857,7.52869007859225,schedule
4064955,7.528687312848293,schedule
4065576,7.528631548453676,schedule
4066345,7.5285763242139705,schedule
4067001,7.52856546017277,schedule
4067680,7.528448202382844,schedule
4068430,7.528071401146736,schedule
4070942,7.527885017481349,schedule
4071564,7.527695658483349,schedule
4072186,7.527652641033136,schedule
4073197,7.527594722684325,schedule
4073810,7.527562580485052,schedule
4074413,7.527461861841878,schedule
4075258,7.5274561943494165,schedule
4076093,7.527365940901304,schedule
4076663,7.5270252924948755,schedule
4077536,7.526956714105597,schedule
4078265,7.524752354280634,schedule
4078905,7.524453896046819,schedule
4079953,7.524312299005987,schedule
4080802,7.524129628507232,schedule
4081865,7.523521980137071,schedule
4082648,7.523508235160717,schedule
4083257,7.523416194333002,schedule
4084297,7.52341263670895,schedule
4085115,7.523365414092791,schedule
4086154,7.523168277006793,schedule
4086850,7.522669385430894,schedule
4088681,7.522662581489157,schedule
4089941,7.522599457310752,schedule
4091010,7.522573727542202,schedule
4091753,7.521931438128643,schedule
4092453,7.521725554159601,schedule
4093203,7.521723194490777,schedule
4093958,7.521658698602642,schedule
4094693,7.521352023063424,schedule
4095662,7.521350795209692,schedule
4096361,7.521296350805991,schedule
4097084,7.521079825491646,schedule
4097987,7.520920697886003,schedule
4099211,7.5208740702599775,schedule
4099843,7.520781662324326,schedule
4100471,7.520749054654755,schedule
4101021,7.520474714240758,schedule
4101609,7.520349352092995,schedule
4102337,7.517527756394228,schedule
4102886,7.517348024037502,schedule
4104878,7.517326403004397,schedule
4105623,7.517322511820733,schedule
4106267,7.517276911109117,schedule
4107077,7.517008921166392,schedule
4107655,7.516786988064447,schedule
4108269,7.516784259287693,schedule
4109341,7.5167841871980166,schedule
4110617,7.515877942855761,schedule
4111617,7.515792141633223,schedule
4112339,7.515728985597273,schedule
4112980,7.515720364645408,schedule
4114049,7.515703209034295,schedule
4114997,7.515597509901542,schedule
4115697,7.515592947951998,schedule
4117256,7.515592933270288,schedule
4119309,7.515487570917905,schedule
4120289,7.515461436056805,schedule
4121006,7.515447896966424,schedule
4121658,7.515409013482078,schedule
4122684,7.51536585937993,schedule
4123450,7.515358788304304,schedule
4124083,7.51529848767469,schedule
4124640,7.515230262128547,schedule
4125241,7.515221828856559,schedule
4126108,7.515098763349307,schedule
4126870,7.514908382027731,schedule
4127561,7.514565597409072,schedule
4128442,7.514552062415564,schedule
4129256,7.514477230935026,schedule
4129897,7.514397954071744,schedule
4130559,7.51431977792133,schedule
4131148,7.514281398148937,schedule
4131725,7.514281409482194,schedule
4132416,7.514249892316953,schedule
4133278,7.514191090648859,schedule
4134641,7.5136655057509785,schedule
4135394,7.511584727665958,schedule
4136149,7.511506753480967,schedule
4137477,7.511325770456349,schedule
4138898,7.511268701507622,schedule
4139483,7.510783496387999,schedule
4140042,7.510275605752891,schedule
4140641,7.509642382005729,schedule
4141164,7.509405411492772,schedule
4141675,7.509123453055111,schedule
4142173,7.50906280768756,schedule
4142636,7.504822842946409,schedule
4143260,7.504193341551076,schedule
4143834,7.504035393263562,schedule
4144354,7.504031666106954,schedule
4144886,7.504031587502071,schedule
4147620,7.504030239429109,schedule
4148330,7.503926285578384,schedule
4148933,7.503925739209965,schedule
4149667,7.503915887492738,schedule
4152115,7.503692309437348,schedule
4153724,7.50362390976842,schedule
4156396,7.503583844856337,schedule
4157088,7.503432740237702,schedule
4157786,7.503081990634824,schedule
4159023,7.502665454502273,schedule
4159969,7.502653298768226,schedule
4160965,7.502651054104525,schedule
4161568,7.502513823436481,schedule
4162870,7.5018886133613,schedule
4163496,7.5018476324303585,schedule
4164343,7.501806216065557,schedule
4165605,7.501801295447966,schedule
4166308,7.501673629212127,schedule
4167129,7.501597229824428,schedule
4167651,7.5015874431098615,schedule
4168253,7.501512684827847,schedule
4169019,7.501506008167185,schedule
4169760,7.501411042960215,schedule
4170489,7.50130653615455,schedule
4172258,7.501302293228875,schedule
4173190,7.501132397114522,schedule
4174836,7.501118461520213,schedule
4175706,7.501001421386026,schedule
4176276,7.500963025970429,schedule
4176935,7.500730795446057,schedule
4178109,7.500416146297252,schedule
4178785,7.500350957198685,schedule
4179353,7.500345906012005,schedule
4180068,7.500345512528209,schedule
4180888,7.50019101395517,schedule
4181479,7.500082826680157,schedule
4182276,7.4997974163210905,schedule
4182827,7.499680526983535,schedule
4183463,7.499580243064172,schedule
4220463,7.4907030293009935,schedule
4327780,7.490700800969822,schedule
4328620,7.490698494514973,schedule
4334182,7.490691609413992,schedule
4335360,7.490583758527906,schedule
4337648,7.490582235789179,schedule
4338280,7.4904658637805195,schedule
4339828,7.490443162994893,schedule
4341428,7.490427608599062,schedule
4342714,7.490377901585077,schedule
4343949,7.490363866921547,schedule
4345828,7.49035022307596,schedule
4347960,7.490340872759596,schedule
4348584,7.490262913447167,schedule
4349169,7.490046956305931,schedule
4349997,7.490046842344531,schedule
4351774,7.490040611505131,schedule
4352560,7.489955394954244,schedule
4353190,7.489861673519412,schedule
4354170,7.489686239844782,schedule
4355020,7.4896294518622755,schedule
4356106,7.4896188846844405,schedule
4356777,7.48954917275424,schedule
4357597,7.4895430954061615,schedule
4358256,7.48953159906349,schedule
4358915,7.489491077600873,schedule
4359576,7.48938296772076,schedule
4362287,7.489203287028539,schedule
4362928,7.489165867224255,schedule
4363973,7.489164977863383,schedule
4364748,7.4891192801595805,schedule
4365331,7.489108988124163,schedule
4366463,7.488650189154482,schedule
4367161,7.488507380996291,schedule
4367742,7.488207826626144,schedule
4368418,7.486223749760272,schedule
4369103,7.485820951972853,schedule
4369834,7.485748224534368,schedule
4370542,7.485553961401487,schedule
4371498,7.485472572352479,schedule
4372111,7.485463720422459,schedule
4372938,7.484942856462557,schedule
4373685,7.484941720652122,schedule
4374800,7.484937431537222,schedule
4375642,7.4849177227528125,schedule
4376780,7.484518305157656,schedule
4377531,7.48409871256778,schedule
4379330,7.484088400776311,schedule
4380281,7.484042473177323,schedule
4381072,7.484031997523475,schedule
4382149,7.483446827606533,schedule
4382714,7.483290550422667,schedule
4383352,7.483288817851705,schedule
4384261,7.483202145388261,schedule
4384930,7.4830419779575745,schedule
4385553,7.482858342641303,schedule
4386182,7.482817833768267,schedule
4387066,7.482778486251226,schedule
4387790,7.482603325081349,schedule
4388862,7.482584852846914,schedule
4389594,7.480999913838873,schedule
4390311,7.480989952878408,schedule
4391040,7.480746533535961,schedule
4391816,7.480742096569727,schedule
4392387,7.480668771703412,schedule
4393056,7.480126667091563,schedule
4393699,7.4799140796998556,schedule
4394482,7.479565563158433,schedule
4396390,7.479533251122174,schedule
4397122,7.4794897654188945,schedule
4397732,7.479481316730504,schedule
4398317,7.479351284698004,schedule
4398933,7.479351263110989,schedule
4399515,7.4791848429751555,schedule
4400072,7.479053034434568,schedule
4400728,7.479050991559851,schedule
4402562,7.478189691505258,schedule
4403280,7.478160949246095,schedule
4403990,7.478117994827076,schedule
4404778,7.478086416769185,schedule
4405408,7.4780854929616,schedule
4406462,7.478067751996411,schedule
4407294,7.478005920807724,schedule
4407883,7.477963594020568,schedule
4409316,7.477909696458464,schedule
4409890,7.4779096284513695,schedule
4410737,7.477886623060971,schedule
4412381,7.477819233546444,schedule
4413206,7.4774944879225895,schedule
4414054,7.47744993561595,schedule
4414720,7.477413975983913,schedule
4415546,7.477367471481639,schedule
4416300,7.477334321192139,schedule
4417157,7.477245123943086,schedule
4417936,7.47724355877018,schedule
4418931,7.476955054554928,schedule
4420224,7.476895310171709,schedule
4420853,7.476831284674853,schedule
4421484,7.476793567863633,schedule
4422383,7.476503889433692,schedule
4423600,7.47650391959254,schedule
4424431,7.476044701667065,schedule
4425230,7.473990787330422,schedule
4425996,7.473970290574446,schedule
4427092,7.473767419745832,schedule
4428657,7.473741784244241,schedule
4429222,7.473386216724519,schedule
4429829,7.472722954177756,schedule
4430394,7.472621910400692,schedule
4431013,7.4726129134486685,schedule
4431597,7.468364069093072,schedule
4432227,7.468018745740143,schedule
4432781,7.467879802798131,schedule
4433429,7.467875218312425,schedule
4434012,7.467874772349999,schedule
4436818,7.467830987604606,schedule
4437415,7.467828758016448,schedule
4438121,7.467704192361826,schedule
4438781,7.4677032637809155,schedule
4439329,7.467562891847965,schedule
4439889,7.467447784014489,schedule
4442347,7.467134124104187,schedule
4444503,7.46640107651573,schedule
4445300,7.466388507072081,schedule
4446910,7.466373000888816,schedule
4448356,7.4663010823969875,schedule
4449002,7.4662444925510165,schedule
4450122,7.46571929912285,schedule
4450806,7.465660432122439,schedule
4451802,7.46566042021006,schedule
4452447,7.465576214775843,schedule
4453587,7.465574538476031,schedule
4454412,7.465558186932455,schedule
4455061,7.465550644983593,schedule
4455656,7.465302879633341,schedule
4456307,7.464835785023113,schedule
4457235,7.464710159997679,schedule
4458169,7.464704830097531,schedule
4458889,7.464506845561535,schedule
4459610,7.464368543732432,schedule
4460229,7.464285609002184,schedule
4461014,7.464245684333898,schedule
4462001,7.46422693096149,schedule
4462659,7.464139995638753,schedule
4463224,7.464088489660743,schedule
4465123,7.4640501064249,schedule
4466597,7.4640457521433925,schedule
4467183,7.463986178397668,schedule
4467715,7.463677440485808,schedule
4468269,7.463660043542215,schedule
4469324,7.463636426400621,schedule
4470263,7.46359398037582,schedule
4470870,7.463492955762184,schedule
4471683,7.460591044158472,schedule
4472442,7.460472833479291,schedule
4473033,7.46044590889268,schedule
4473729,7.459569380519828,schedule
4474626,7.459518635004416,schedule
4475336,7.459487597279595,schedule
4508779,7.458999554050466,schedule
4526011,7.458993753857307,schedule
4526720,7.458991474215911,schedule
4527297,7.458853849047675,schedule
4527854,7.45885145347858,schedule
4528450,7.458851448515501,schedule
4529088,7.458851426311093,schedule
4530626,7.458851385589313,schedule
4532330,7.458851381902594,schedule
4534451,7.458816919196804,schedule
4536135,7.458800360785703,schedule
4537318,7.458506707933379,schedule
4538474,7.458022687560796,schedule
4539561,7.457909474452967,schedule
4540531,7.457908701996718,schedule
4541152,7.457857183046085,schedule
4541787,7.457681691086032,schedule
4542945,7.457651616398067,schedule
4543726,7.457647523942749,schedule
4544377,7.457597214359566,schedule
4545576,7.45756557925771,schedule
4546905,7.457409568515003,schedule
4547771,7.457346405895643,schedule
4549016,7.457292500798019,schedule
4552413,7.457291152840047,schedule
4553140,7.457228114169232,schedule
4553942,7.457227993758708,schedule
4554486,7.457091404752951,schedule
4555921,7.457091053677123,schedule
4556519,7.457032786422298,schedule
4557261,7.457025840825831,schedule
4558080,7.456901656032992,schedule
4558764,7.456813888034547,schedule
4559386,7.456534125424674,schedule
4560241,7.456289408126652,schedule
4560878,7.456227723980303,schedule
4561540,7.456226061525756,schedule
4562790,7.455959223841858,schedule
4563467,7.45587599752931,schedule
4564065,7.455863704391981,schedule
4564738,7.455825012153607,schedule
4566871,7.455700816174962,schedule
4567500,7.455637974941644,schedule
4568216,7.4552695419423145,schedule
4568911,7.454454409260303,schedule
4569518,7.454186085659739,schedule
4570147,7.454183221578062,schedule
4570963,7.454148284298632,schedule
4571771,7.454115446670965,schedule
4572315,7.453723957361393,schedule
4572931,7.453334879327034,schedule
4573550,7.453143428873782,schedule
4574063,7.45313510230596,schedule
4574872,7.453097788831779,schedule
4575493,7.452798277315474,schedule
4576142,7.452425924882068,schedule
4577066,7.4506273153182505,schedule
4577669,7.450192365505027,schedule
4578758,7.4498566403224595,schedule
4579699,7.449804114825546,schedule
4580412,7.4497588739079035,schedule
4581199,7.44933750927156,schedule
4581881,7.449331053446956,schedule
4583448,7.448949282699693,schedule
4584332,7.448772519162791,schedule
4585045,7.448347712121425,schedule
4586925,7.44834633472687,schedule
4587541,7.448085273587209,schedule
4588332,7.448025655210477,schedule
4588928,7.4476627300951135,schedule
4589547,7.447145803442243,schedule
4590188,7.447104202229884,schedule
4591122,7.447048823769252,schedule
4591836,7.446519070634902,schedule
4592468,7.4463920853206105,schedule
4593193,7.446391914152976,schedule
4593874,7.446240354434892,schedule
4594723,7.446211757498375,schedule
4595382,7.446191342758178,schedule
4596009,7.4458762799598075,schedule
4596619,7.445738932318007,schedule
4597256,7.444413365292463,schedule
4597840,7.444237455496186,schedule
4598423,7.44378274423047,schedule
4599012,7.443777493668465,schedule
4599813,7.443731589740451,schedule
4600509,7.443590019152907,schedule
4601442,7.443150322929378,schedule
4601963,7.443135232660871,schedule
4602818,7.443129778166192,schedule
4603445,7.442714028167075,schedule
4604069,7.442551934338702,schedule
4604768,7.442334787060466,schedule
4605411,7.441795086161033,schedule
4606161,7.440699132043085,schedule
4606790,7.440309957960617,schedule
4607390,7.440306673261094,schedule
4608130,7.440123211709085,schedule
4610173,7.440118236397929,schedule
4610784,7.439780611310522,schedule
4611349,7.439780126208511,schedule
4611973,7.439388515056396,schedule
4612690,7.439388473881427,schedule
4613414,7.439244932216273,schedule
4614087,7.439243664111977,schedule
4615149,7.439243585722787,schedule
4616465,7.43843478855521,schedule
4617188,7.4384222814420875,schedule
4618311,7.4384105675382255,schedule
4619273,7.438390960626743,schedule
4620061,7.438335770845909,schedule
4620771,7.4383262127069205,schedule
4621512,7.438163093589298,schedule
4623335,7.438151573769703,schedule
4624774,7.438089976512392,schedule
4625408,7.437989893626207,schedule
4625950,7.437680568965908,schedule
4626525,7.437676191713963,schedule
4627285,7.437656591782678,schedule
4628196,7.437624476007957,schedule
4628778,7.437361047464592,schedule
4629504,7.437305172056214,schedule
4630272,7.437294714795904,schedule
4631122,7.437208241916919,schedule
4631853,7.437064180527767,schedule
4632413,7.4362004013256495,schedule
4633080,7.435598809894192,schedule
4634103,7.435560788295516,schedule
4634713,7.435552198769329,schedule
4635330,7.435476082817406,schedule
4635953,7.435476043956537,schedule
4636740,7.4352182537711204,schedule
4637650,7.435108451725171,schedule
4638675,7.435065586453614,schedule
4639536,7.434537637894726,schedule
4640259,7.432488536778517,schedule
4640962,7.432476049978243,schedule
4642112,7.432099864565266,schedule
4642938,7.4319526699230325,schedule
4644110,7.4319268538511505,schedule
4644703,7.431035457470328,schedule
4645353,7.431019385682802,schedule
4645930,7.4279846111167505,schedule
4646500,7.427707275033504,schedule
4647139,7.427643487718159,schedule
4647728,7.427636129975249,schedule
4650731,7.42754310590324,schedule
4651406,7.427540571508669,schedule
4652284,7.427516124952725,schedule
4654064,7.427482204093052,schedule
4654966,7.427410306838165,schedule
4656185,7.427364650320215,schedule
4658254,7.426994795477974,schedule
4659664,7.426981011645042,schedule
4661822,7.42693471478458,schedule
4662796,7.426787755080668,schedule
4663428,7.426786920319753,schedule
4664013,7.426733047498357,schedule
4664705,7.4265484477088375,schedule
4665680,7.426490457168225,schedule
4666552,7.426456050371877,schedule
4667181,7.426377445418185,schedule
4667958,7.426329940086429,schedule
4668673,7.425772398956176,schedule
4669397,7.4255504283070675,schedule
4670164,7.42551502444556,schedule
4670881,7.425339972106901,schedule
4671719,7.425149175430609,schedule
4672319,7.4251488034029105,schedule
4672835,7.425076083382823,schedule
4673608,7.424926862244933,schedule
4699655,7.417547255637307,schedule
4714793,7.4174912439336635,schedule
4808454,7.417475740979262,schedule
4809369,7.417471100989634,schedule
4810078,7.417471085866933,schedule
4811659,7.417470922968576,schedule
4813097,7.417389001420035,schedule
4815471,7.417364927210331,schedule
4817641,7.417354826339186,schedule
4819389,7.417301148449089,schedule
4820336,7.4173009295689125,schedule
4820936,7.417261032571846,schedule
4822342,7.417248979896578,schedule
4822932,7.417051977847191,schedule
4824762,7.416965151493129,schedule
4825652,7.4169056121687476,schedule
4826932,7.41686405313336,schedule
4827605,7.416825452297263,schedule
4829686,7.41678485353679,schedule
4830571,7.416617144645385,schedule
4833305,7.41626665075522,schedule
4833905,7.416265522747875,schedule
4834545,7.41623752805113,schedule
4835213,7.4162272761226005,schedule
4835972,7.416211657890196,schedule
4836586,7.416091733245732,schedule
4837547,7.4157680882425545,schedule
4838424,7.415763074517876,schedule
4839552,7.415605002886021,schedule
4840341,7.415551485181511,schedule
4840987,7.415531007914442,schedule
4841634,7.415484858010466,schedule
4842261,7.4154509672329,schedule
4844406,7.415214396671091,schedule
4845422,7.41513879362672,schedule
4846170,7.415123485447612,schedule
4846955,7.415112969541004,schedule
4847699,7.415093296229161,schedule
4848306,7.415091044711068,schedule
4848886,7.414856014736418,schedule
4849557,7.414778381194862,schedule
4850158,7.414756901572901,schedule
4851544,7.413478143028875,schedule
4852145,7.413043828113441,schedule
4853267,7.41280042677242,schedule
4854106,7.412610672444001,schedule
4854725,7.412443963796567,schedule
4855362,7.412408547959625,schedule
4856140,7.412074314473623,schedule
4856876,7.412066993495232,schedule
4857701,7.41200631042134,schedule
4859219,7.41174411804829,schedule
4860000,7.411542403381616,schedule
4861824,7.411537918998044,schedule
4862946,7.411438440882034,schedule
4864056,7.4109192784027575,schedule
4864639,7.410807737481197,schedule
4865305,7.41080672121781,schedule
4865984,7.410786643396294,schedule
4866497,7.410170441048665,schedule
4867115,7.409794879311517,schedule
4867708,7.409513772576316,schedule
4868228,7.409002494019098,schedule
4868734,7.408761959429873,schedule
4869245,7.408516141622104,schedule
4869847,7.408440875857798,schedule
4870338,7.408174075222619,schedule
4871050,7.408127885174335,schedule
4872206,7.407870885590532,schedule
4873085,7.4078687391478635,schedule
4873683,7.4077961587978916,schedule
4874328,7.407763394364851,schedule
4875014,7.407738366284335,schedule
4875587,7.406354139933648,schedule
4876186,7.406057576212265,schedule
4876936,7.405886629119533,schedule
4878726,7.405834600763461,schedule
4879408,7.405832549691887,schedule
4879976,7.405579935488023,schedule
4880557,7.405385084154627,schedule
4881229,7.405276465622373,schedule
4881785,7.4052745936468,schedule
4882506,7.405254898623181,schedule
4883882,7.40448730754849,schedule
4884540,7.404449968627323,schedule
4885313,7.404391174136326,schedule
4886075,7.404382664501911,schedule
4887103,7.404355477224945,schedule
4887996,7.404338694504919,schedule
4888676,7.40418680547352,schedule
4890650,7.4041173457455525,schedule
4892351,7.4040854934749625,schedule
4893057,7.403959353124951,schedule
4893687,7.403701718687462,schedule
4894338,7.403688238005267,schedule
4895129,7.403686387233796,schedule
4895814,7.403675588373433,schedule
4896626,7.40359172981767,schedule
4897379,7.403570610419405,schedule
4898485,7.40354873131162,schedule
4899258,7.403529654007035,schedule
4900059,7.403270321928496,schedule
4901398,7.403239490598447,schedule
4902338,7.403225938538071,schedule
4903006,7.40318928373159,schedule
4903800,7.4031892541721325,schedule
4905602,7.402670889100653,schedule
4906389,7.400753345555349,schedule
4906984,7.400738552263233,schedule
4907573,7.400737951801073,schedule
4908658,7.400665026995304,schedule
4910120,7.400660069197443,schedule
4910766,7.400629663696446,schedule
4911404,7.400019329313789,schedule
4912037,7.39997661973846,schedule
4912659,7.399874632846885,schedule
4913296,7.399519713883351,schedule
4913896,7.39951789232332,schedule
4916999,7.399437993363299,schedule
4917546,7.399437270103736,schedule
4918145,7.399427037211912,schedule
4918717,7.399143647940602,schedule
4921871,7.399066751320453,schedule
4923547,7.399037996629349,schedule
4925372,7.399031643778726,schedule
4928152,7.39898547005731,schedule
4929326,7.398984959797225,schedule
4930006,7.39895129571089,schedule
4930803,7.398938102187247,schedule
4931727,7.398776530219584,schedule
4932563,7.398639455427484,schedule
4933470,7.39861555422641,schedule
4935010,7.398530429393002,schedule
4936256,7.3985246376102305,schedule
4937697,7.398437405690752,schedule
4938554,7.398390273854308,schedule
4939600,7.39835057630665,schedule
4940724,7.39834467664838,schedule
4941436,7.398228434645666,schedule
4942246,7.398133099982034,schedule
4944066,7.398119656989337,schedule
4945139,7.398108484922298,schedule
4947016,7.3981077266394495,schedule
4947702,7.398083355780097,schedule
4948383,7.398021537998187,schedule
4948963,7.397972396127956,schedule
4949855,7.397860206428041,schedule
4950740,7.397737863160136,schedule
4951607,7.397727293573687,schedule
4953036,7.3976995771902825,schedule
4954179,7.397587397460172,schedule
4954976,7.397573474609555,schedule
4956057,7.397550362683739,schedule
4992250,7.39315725223768,schedule
5006915,7.393143615019671,schedule
5009617,7.393113450144188,schedule
5010488,7.393110205045332,schedule
5011187,7.3931101298271455,schedule
5012259,7.392979301956805,schedule
5014539,7.392979272295986,schedule
5016578,7.392947429906131,schedule
5018118,7.392938431106128,schedule
5020478,7.392907946766687,schedule
5021482,7.392906896611525,schedule
5022091,7.3928632256985765,schedule
5023498,7.392847103795006,schedule
5025166,7.39280828533541,schedule
5026361,7.392780625515814,schedule
5027517,7.392773547824299,schedule
5029390,7.392763926728832,schedule
5031340,7.392762857026508,schedule
5032129,7.392733093778038,schedule
5033984,7.3927214396458885,schedule
5034731,7.392713384108942,schedule
5035634,7.392627815794073,schedule
5037359,7.392626451109051,schedule
5037969,7.392540979881538,schedule
5038725,7.392533404665701,schedule
5039337,7.39253126619146,schedule
5039978,7.392500961884344,schedule
5040595,7.392398464985878,schedule
5043389,7.3923839480017834,schedule
5044157,7.392365406015947,schedule
5044898,7.392364816102522,schedule
5045563,7.392350124530849,schedule
5046366,7.392296512908826,schedule
5047005,7.392277783680249,schedule
5047840,7.392030733662781,schedule
5048485,7.391902650624276,schedule
5049571,7.391550623104836,schedule
5050371,7.391472538629743,schedule
5051164,7.391255586456341,schedule
5052254,7.391240227755257,schedule
5053057,7.391027936381765,schedule
5054085,7.390958724375433,schedule
5054801,7.390958684689918,schedule
5055489,7.390952530728977,schedule
5057052,7.39070713896865,schedule
5058888,7.3907044677317275,schedule
5060100,7.390703446245656,schedule
5061338,7.390246878062058,schedule
5062012,7.390164800805494,schedule
5062697,7.390163952445384,schedule
5064017,7.390001210423713,schedule
5064603,7.38991220074523,schedule
5065211,7.389743434507108,schedule
5065960,7.389707916427715,schedule
5066600,7.389687329208587,schedule
5067242,7.389664561675254,schedule
5068340,7.3895828281477485,schedule
5069051,7.389445208923194,schedule
5069699,7.389419715486569,schedule
5070346,7.389272365508647,schedule
5070975,7.38925433923014,schedule
5071630,7.389237873836731,schedule
5072258,7.387383515636323,schedule
5072881,7.387075837932672,schedule
5073654,7.3869115681506745,schedule
5075761,7.3868869965900785,schedule
5076515,7.38685301913222,schedule
5077130,7.386673933693901,schedule
5077969,7.386589845783556,schedule
5078530,7.386588662242836,schedule
5079903,7.386549800261668,schedule
5080877,7.3858363623707595,schedule
5081616,7.385802578206584,schedule
5082344,7.38573401215738,schedule
5083080,7.3856911855793195,schedule
5084553,7.3856554438994975,schedule
5085249,7.385628868134031,schedule
5087166,7.38557808864127,schedule
5087714,7.385526645200468,schedule
5089174,7.38547874091801,schedule
5089842,7.385451857792111,schedule
5090511,7.385425168735557,schedule
5091213,7.385376371692902,schedule
5091770,7.385369756715742,schedule
5092743,7.385354041561057,schedule
5093481,7.385313796175771,schedule
5094141,7.3852811009529775,schedule
5094849,7.385230838852743,schedule
5095474,7.385218893518592,schedule
5096102,7.385021520707401,schedule
5097058,7.384983977755744,schedule
5097998,7.384963050399338,schedule
5098802,7.384963038136882,schedule
5099608,7.384832087274566,schedule
5100968,7.384830948381962,schedule
5101752,7.384280136115413,schedule
5102503,7.382430799038033,schedule
5103207,7.382423764206371,schedule
5105225,7.382420397866762,schedule
5105807,7.3823078175349774,schedule
5106440,7.382249709767291,schedule
5107233,7.382113487481766,schedule
5107849,7.3820895855333255,schedule
5110988,7.3820892177620365,schedule
5111593,7.3819779743671585,schedule
5113492,7.381958083892688,schedule
5114287,7.381917549884083,schedule
5118378,7.38188517724131,schedule
5120071,7.381797683547876,schedule
5121100,7.3817971537222276,schedule
5121732,7.381779084016995,schedule
5123230,7.381750256713436,schedule
5123894,7.381715332208855,schedule
5125595,7.381611936798387,schedule
5126313,7.381586831795485,schedule
5127080,7.38156461513502,schedule
5127713,7.381532831765103,schedule
5128682,7.380899875244249,schedule
5131153,7.3808884490007785,schedule
5132818,7.380886868393133,schedule
5133448,7.3808756075744855,schedule
5134117,7.380612981931976,schedule
5135033,7.380603163177555,schedule
5135764,7.380542948169083,schedule
5137058,7.380491365683793,schedule
5137667,7.380466806181323,schedule
5138273,7.380459210496612,schedule
5138910,7.380456720195899,schedule
5139734,7.38044970308733,schedule
5140378,7.380336605565146,schedule
5140986,7.380322723941052,schedule
5141937,7.380308985506135,schedule
5143134,7.3803064917548244,schedule
5144178,7.380251615244932,schedule
5144799,7.38023335224246,schedule
5147160,7.380143685212322,schedule
5147902,7.379932672430042,schedule
5148562,7.379789418401322,schedule
5149135,7.379779012231892,schedule
5149743,7.379765805737482,schedule
5150393,7.379191440534296,schedule
5150998,7.379115643802954,schedule
5151614,7.378969619858711,schedule
5152195,7.378848132910058,schedule
5152795,7.378811168733599,schedule
5153400,7.378779043318925,schedule
5154035,7.378622464907564,schedule
5154667,7.378316629903647,schedule
5155320,7.378292931980324,schedule
5156138,7.378248127308217,schedule
5157314,7.377937671164479,schedule
5192624,7.375141323979998,schedule
5300023,7.375139558346609,schedule
5304438,7.3751369021201345,schedule
5308052,7.375094733586112,schedule
5309081,7.375094512373821,schedule
5309746,7.375063872627665,schedule
5311173,7.375047516183097,schedule
5311785,7.374980227662887,schedule
5314043,7.374961448152596,schedule
5315383,7.374959125372638,schedule
5317653,7.374955342701642,schedule
5319234,7.374953129914508,schedule
5319886,7.37494150387295,schedule
5320518,7.374936580552082,schedule
5322618,7.374922336482201,schedule
5323534,7.374824431494277,schedule
5324150,7.374768929806226,schedule
5325813,7.374766922650621,schedule
5326518,7.374709164476738,schedule
5327225,7.374670978322131,schedule
5327829,7.374590483859183,schedule
5328414,7.37457394372274,schedule
5329111,7.374564408085744,schedule
5331747,7.374525802870313,schedule
5332316,7.374516046207548,schedule
5333039,7.374498970621478,schedule
5333979,7.374360115728049,schedule
5334651,7.374195054671088,schedule
5335263,7.374045025385037,schedule
5335896,7.374037402895532,schedule
5337482,7.373637525382559,schedule
5338543,7.373432529851129,schedule
5339385,7.373396679615957,schedule
5339980,7.373351635573399,schedule
5340650,7.373349147255287,schedule
5341424,7.373192687507311,schedule
5342274,7.373192622113556,schedule
5343143,7.373192588439023,schedule
5343843,7.373189931017968,schedule
5344657,7.373155167374371,schedule
5345699,7.373091668012359,schedule
5346391,7.372821768221863,schedule
5348122,7.372819683824799,schedule
5349312,7.372814074306884,schedule
5350568,7.372346986684829,schedule
5351170,7.372290687961363,schedule
5351858,7.372288485697664,schedule
5352614,7.372268551762692,schedule
5353334,7.372267686090684,schedule
5354267,7.372165925627209,schedule
5355007,7.372068606217691,schedule
5355725,7.372039805467729,schedule
5356853,7.372035578544524,schedule
5357826,7.371934690915326,schedule
5358435,7.371890285010115,schedule
5359229,7.369744095790023,schedule
5359800,7.369420605066292,schedule
5360569,7.369321142915498,schedule
5362494,7.369287766847997,schedule
5363274,7.369255845742393,schedule
5363910,7.369247945752212,schedule
5364529,7.36915712447569,schedule
5365262,7.369115738401843,schedule
5365904,7.369114863719468,schedule
5366969,7.369114827099985,schedule
5368346,7.36847223771244,schedule
5369524,7.368468149772913,schedule
5370620,7.368457506988359,schedule
5371409,7.368437682726665,schedule
5372045,7.368356618840595,schedule
5372647,7.368355115200888,schedule
5374840,7.368309458554268,schedule
5376630,7.367853684146995,schedule
5377182,7.367630548188659,schedule
5377881,7.367558062864939,schedule
5378487,7.367373660736757,schedule
5379128,7.3673711749800255,schedule
5379886,7.367351160643475,schedule
5380651,7.367340676287251,schedule
5381262,7.367305920264158,schedule
5382157,7.367284611537625,schedule
5383182,7.367070433664963,schedule
5384497,7.367051213782704,schedule
5385367,7.366984275707067,schedule
5386006,7.3669842101229595,schedule
5386937,7.366890857985386,schedule
5387982,7.3668681391441995,schedule
5388858,7.366258712804816,schedule
5389593,7.364364704281904,schedule
5390290,7.36435975995752,schedule
5392288,7.364335222267377,schedule
5393328,7.364295774560905,schedule
5396379,7.364287131774404,schedule
5397213,7.364286885330348,schedule
5397843,7.364267714066635,schedule
5399057,7.364243330140565,schedule
5403798,7.364239497102053,schedule
5405016,7.364168078547369,schedule
5407333,7.364167210593667,schedule
5408024,7.364143968138943,schedule
5409486,7.364103726985903,schedule
5411346,7.364043414131045,schedule
5412208,7.364021384725772,schedule
5412907,7.3640076854670955,schedule
5413906,7.3635683386683715,schedule
5414842,7.363548962290155,schedule
5416866,7.363512966585525,schedule
5418724,7.363428482576872,schedule
5419498,7.363186817783459,schedule
5420672,7.363121509614723,schedule
5421380,7.362784739157981,schedule
5422263,7.36276881676604,schedule
5423410,7.362767135568473,schedule
5424094,7.362704572472323,schedule
5424955,7.362671069829822,schedule
5425556,7.36266916463771,schedule
5426886,7.362588401349575,schedule
5427678,7.362546388137943,schedule
5428357,7.362522792384752,schedule
5428981,7.36251115137236,schedule
5431457,7.362378857358548,schedule
5432424,7.362365994882597,schedule
5433160,7.3623162222325105,schedule
5433925,7.36229115808826,schedule
5434629,7.362251795524678,schedule
5435407,7.362021425968242,schedule
5435975,7.361970433799368,schedule
5437020,7.361924733408074,schedule
5437603,7.361888700150294,schedule
5438401,7.361851954012039,schedule
5438990,7.361597777237492,schedule
5439628,7.360996398475488,schedule
5440401,7.360966946518616,schedule
5441016,7.360414806579285,schedule
5441680,7.360237899065711,schedule
5442302,7.360077018473339,schedule
5442958,7.360025119588513,schedule
5443655,7.359645445107828,schedule
5444432,7.359644252343739,schedule
5445427,7.359644033380025,schedule
5446280,7.359625565603291,schedule
5447368,7.359606233732436,schedule
5479543,7.356502721315909,schedule
5493671,7.356420417548282,schedule
5496919,7.3564195570928845,schedule
5504352,7.356418604583399,schedule
5505092,7.356397380696669,schedule
5506472,7.356380282129112,schedule
5508116,7.356222233952572,schedule
5511995,7.3561711170540285,schedule
5513608,7.356170225629896,schedule
5514226,7.356079534138902,schedule
5514926,7.356047713910955,schedule
5516181,7.355934515466607,schedule
5517926,7.355872663354535,schedule
5519676,7.355865268019705,schedule
5520316,7.355830829660668,schedule
5521286,7.355826542711976,schedule
5521941,7.355811556348786,schedule
5522553,7.3557959451042665,schedule
5525495,7.355740290162619,schedule
5526078,7.355731777714625,schedule
5526845,7.355705401326521,schedule
5527568,7.355645878147588,schedule
5528263,7.355587754530155,schedule
5528883,7.355326292337485,schedule
5529558,7.355322903875365,schedule
5531111,7.354997218530223,schedule
5531894,7.35487095411041,schedule
5532670,7.354692235630692,schedule
5533672,7.354690940610497,schedule
5534812,7.354672346117092,schedule
5535810,7.354670523009464,schedule
5536587,7.354655565662998,schedule
5537601,7.354541091601295,schedule
5538477,7.354324025201669,schedule
5540420,7.3543214949971425,schedule
5542283,7.354317714999674,schedule
5543026,7.353907351081461,schedule
5543588,7.353872214023234,schedule
5544345,7.353869781191327,schedule
5544949,7.353622935933071,schedule
5546034,7.353580015171407,schedule
5546763,7.3534945745621325,schedule
5547615,7.353471918779746,schedule
5548473,7.353470226365263,schedule
5549721,7.353468864037171,schedule
5550445,7.353457365362596,schedule
5551151,7.353156045368102,schedule
5551799,7.350264352638112,schedule
5552463,7.349936552084757,schedule
5553288,7.349873574441867,schedule
5555242,7.349835760519227,schedule
5555917,7.349791170152891,schedule
5556667,7.349775055269028,schedule
5557284,7.349621419847896,schedule
5557870,7.349548166525003,schedule
5558555,7.349525639818901,schedule
5559140,7.349525053823816,schedule
5560872,7.348911306720679,schedule
5561593,7.348880519656506,schedule
5562335,7.348879994789646,schedule
5563159,7.348867580523909,schedule
5564214,7.348845371654165,schedule
5565211,7.348819905208317,schedule
5567316,7.348797426938149,schedule
5568902,7.348654912411763,schedule
5570224,7.348654050677895,schedule
5570991,7.348595703790482,schedule
5571770,7.348589934832947,schedule
5572699,7.348564753562836,schedule
5573493,7.348539376656445,schedule
5574298,7.348535814377586,schedule
5574997,7.348387977124481,schedule
5576284,7.348362568253125,schedule
5577053,7.348319177832455,schedule
5577773,7.348319096496925,schedule
5579291,7.348310571364174,schedule
5580151,7.347759806723832,schedule
5580879,7.34593209784066,schedule
5581509,7.345917409981579,schedule
5582123,7.345914171719535,schedule
5584216,7.3458945722246645,schedule
5587828,7.345891161386469,schedule
5588834,7.345839912264594,schedule
5591305,7.345745658633521,schedule
5594536,7.345738598174301,schedule
5595703,7.345710682569064,schedule
5596653,7.3456957717266675,schedule
5598002,7.345641079820071,schedule
5599050,7.345638632577277,schedule
5599635,7.345609238294769,schedule
5600261,7.34555566865953,schedule
5601046,7.345378679093297,schedule
5601740,7.345365842268135,schedule
5602550,7.345357522572219,schedule
5603233,7.345328821706889,schedule
5605853,7.345059520921808,schedule
5606579,7.345059330924347,schedule
5608879,7.345033586135433,schedule
5610608,7.344916453937401,schedule
5611133,7.34489616063993,schedule
5612762,7.344890655599835,schedule
5613413,7.344885627904164,schedule
5614281,7.344820887688583,schedule
5615373,7.344803323803008,schedule
5615988,7.3447946539898,schedule
5617128,7.344788868303164,schedule
5618034,7.344788811000286,schedule
5618654,7.344780819644606,schedule
5619296,7.3447642014280605,schedule
5619943,7.3446771647534845,schedule
5622567,7.344623761996048,schedule
5623207,7.344614834483223,schedule
5624173,7.344595699339138,schedule
5624822,7.344535481364138,schedule
5625635,7.344524223803672,schedule
5626643,7.344516236056083,schedule
5627264,7.344420574681681,schedule
5627925,7.344371696335063,schedule
5628852,7.343281625121798,schedule
5629506,7.342888496590238,schedule
5630556,7.342833988287566,schedule
5631380,7.342828350987281,schedule
5632032,7.342707861574082,schedule
5632642,7.342707112891352,schedule
5633463,7.342705520740792,schedule
5634561,7.342701916002018,schedule
5635286,7.34269765836948,schedule
5636576,7.342518229407905,schedule
5637442,7.342348193811575,schedule
5638310,7.34233696926607,schedule
5639628,7.342336644785014,schedule
5640276,7.342172112552794,schedule
5641173,7.341993712137463,schedule
5642045,7.341986908242444,schedule
5642683,7.341736024170343,schedule
5643389,7.34172289100499,schedule
5679068,7.338561004702676,schedule
5786634,7.338547140118055,schedule
5791681,7.338532225753568,schedule
5795341,7.3384779441650245,schedule
5796455,7.338476413339231,schedule
5797212,7.338430482958235,schedule
5798779,7.338401795198021,schedule
5801761,7.338390489906015,schedule
5804085,7.338363760866492,schedule
5805798,7.3383259191861105,schedule
5806491,7.338157038460826,schedule
5807933,7.338121944334864,schedule
5809741,7.338067135206017,schedule
5811518,7.338060662973945,schedule
5812209,7.338041376115214,schedule
5813304,7.3380308596936175,schedule
5813947,7.337906737338099,schedule
5816574,7.337820709041934,schedule
5817208,7.337814405243198,schedule
5817924,7.3377934366761295,schedule
5818622,7.337780649733172,schedule
5819332,7.337741887348471,schedule
5820283,7.337737135870404,schedule
5821083,7.337720817561321,schedule
5822369,7.337456301730257,schedule
5823428,7.337363082613261,schedule
5824558,7.337361738290686,schedule
5825671,7.3373614261726825,schedule
5826658,7.337266947348786,schedule
5827520,7.337265179697018,schedule
5828349,7.337228004470669,schedule
5829701,7.337132236779961,schedule
5831545,7.337132208700512,schedule
5832987,7.336372436942623,schedule
5834028,7.335966640018883,schedule
5834774,7.335875373881313,schedule
5835347,7.335874659592073,schedule
5836835,7.335706476023562,schedule
5837455,7.335577913649198,schedule
5838213,7.335558839702845,schedule
5838839,7.335525381018227,schedule
5839493,7.335520730470655,schedule
5840462,7.335485312298405,schedule
5841261,7.3354740698826655,schedule
5841942,7.335419288997747,schedule
5842767,7.335113624774968,schedule
5843425,7.331756182928696,schedule
5844088,7.331329826390868,schedule
5844974,7.331303835166406,schedule
5846843,7.331272218461015,schedule
5847605,7.331223428959506,schedule
5848567,7.331198995717889,schedule
5849203,7.331198478637901,schedule
5851011,7.3306255152182,schedule
5851769,7.330623862885979,schedule
5852512,7.330623595225619,schedule
5853380,7.3306128834028215,schedule
5854440,7.330597823622743,schedule
5855218,7.330585704512307,schedule
5855809,7.330518860834069,schedule
5856354,7.330499201811821,schedule
5858297,7.330490339377657,schedule
5859685,7.330389951614662,schedule
5860635,7.330372975213153,schedule
5861479,7.330370144001986,schedule
5862333,7.330361517553534,schedule
5863102,7.330355436560599,schedule
5864241,7.330333683091172,schedule
5865238,7.3301642681840775,schedule
5866628,7.330145923899091,schedule
5867255,7.330124368525036,schedule
5867992,7.3301158452437605,schedule
5869890,7.329648035298587,schedule
5870657,7.327869760680726,schedule
5871369,7.327866503230472,schedule
5872417,7.327848636442849,schedule
5873922,7.327832237286982,schedule
5877501,7.327829452368703,schedule
5878360,7.327828787385858,schedule
5882984,7.327823940892621,schedule
5885102,7.327616234041576,schedule
5886978,7.327546832440269,schedule
5887931,7.327543229746525,schedule
5888520,7.327487202886952,schedule
5889942,7.3274759313729,schedule
5891275,7.327472097799194,schedule
5892769,7.327471742761942,schedule
5893895,7.327156777965608,schedule
5894737,7.3270474070201725,schedule
5895377,7.327013283286106,schedule
5896975,7.327011101948812,schedule
5898979,7.327010353051949,schedule
5899819,7.326959319601934,schedule
5900420,7.326853939210735,schedule
5901039,7.326821652842072,schedule
5901745,7.326803666199745,schedule
5902481,7.326781526090054,schedule
5903546,7.326774514009688,schedule
5904663,7.326737859194525,schedule
5905737,7.326732119128921,schedule
5907569,7.32672475758019,schedule
5910492,7.326719331155435,schedule
5911594,7.326673031799001,schedule
5913436,7.326017781185851,schedule
5914096,7.325569650336383,schedule
5914883,7.325533304066212,schedule
5915461,7.3254952008055625,schedule
5916076,7.325389541121567,schedule
5916638,7.3252515229985375,schedule
5917409,7.325250186071598,schedule
5917937,7.325249354064549,schedule
5918668,7.325208827365015,schedule
5919375,7.325208544708627,schedule
5919940,7.325124635427106,schedule
5920510,7.324760945168601,schedule
5921409,7.324759613747511,schedule
5922139,7.324735464867803,schedule
5922775,7.324696015495911,schedule
5923441,7.324322586748886,schedule
5924027,7.324317656034714,schedule
5924760,7.324166901233595,schedule
5925711,7.323990512697857,schedule
5926586,7.323789401405244,schedule
5927681,7.323788166088848,schedule
5928303,7.323601707019702,schedule
5929180,7.323509664227611,schedule
5930203,7.323443965214914,schedule
5930906,7.323409188284673,schedule
5931637,7.32291388961035,schedule
5932351,7.322904494328614,schedule
5933023,7.322898847224993,schedule
5933809,7.322896500424951,schedule
5969246,7.319657781924884,schedule
5987316,7.3195267368493475,schedule
5994603,7.319524338857841,schedule
5995256,7.319472279622999,schedule
5997803,7.319343001189268,schedule
5998674,7.319208600512582,schedule
5999784,7.3191746885683555,schedule
6000795,7.319172587152912,schedule
6002688,7.319161772124911,schedule
6003660,7.319146447797311,schedule
6005236,7.31914640575047,schedule
6005852,7.319145817585416,schedule
6006568,7.319093567685712,schedule
6007873,7.318982527313376,schedule
6009400,7.318973741837915,schedule
6010633,7.318967643586553,schedule
6011797,7.3189663921332375,schedule
6012938,7.318946691529298,schedule
6013575,7.318939906386086,schedule
6014221,7.318883587068411,schedule
6016731,7.318840145969349,schedule
6017405,7.318834690965514,schedule
6018389,7.3188322614256665,schedule
6020512,7.318535426005748,schedule
6021222,7.31842340729725,schedule
6021989,7.318344802906407,schedule
6023013,7.3183429119121035,schedule
6024185,7.318262451816074,schedule
6026190,7.3181807530418945,schedule
6027983,7.3181801949609495,schedule
6029231,7.318173797395588,schedule
6030462,7.3178128802671685,schedule
6031113,7.317807023632253,schedule
6031834,7.317802848954158,schedule
6032619,7.317794339843286,schedule
6033922,7.317728424641741,schedule
6034733,7.317710181076895,schedule
6035375,7.317649091404857,schedule
6035985,7.317612634635865,schedule
6036527,7.317580565959644,schedule
6037273,7.317456081816577,schedule
6037976,7.3174128124313516,schedule
6038536,7.317330871807151,schedule
6039210,7.316606161646019,schedule
6039936,7.3165855066952,schedule
6040565,7.31652602097496,schedule
6041148,7.316507533472869,schedule
6041803,7.316154181961151,schedule
6042453,7.311881483060154,schedule
6043137,7.31140412329773,schedule
6044002,7.311331575547993,schedule
6046026,7.311306387525258,schedule
6046771,7.311274401850358,schedule
6047533,7.311257310607482,schedule
6048310,7.3112419486333105,schedule
6048973,7.311241607223278,schedule
6050798,7.3107251466874,schedule
6051574,7.310706901099353,schedule
6052308,7.310694935866853,schedule
6053083,7.310601699229714,schedule
6054243,7.31059638609085,schedule
6055053,7.310589427426502,schedule
6055683,7.310577233411772,schedule
6056463,7.310433793275025,schedule
6058287,7.310432878308372,schedule
6059841,7.310309611158708,schedule
6061031,7.310274378033179,schedule
6061670,7.310270816540169,schedule
6062677,7.310265363658794,schedule
6063768,7.310245039191711,schedule
6064624,7.310201635875753,schedule
6065209,7.31007423918544,schedule
6065821,7.309952970877912,schedule
6066997,7.308713922961009,schedule
6067614,7.308689990909277,schedule
6068181,7.308646420167905,schedule
6068770,7.3086415088480425,schedule
6069392,7.30864143744107,schedule
6069997,7.308625017371282,schedule
6070662,7.308536667169928,schedule
6071986,7.308107820621407,schedule
6072718,7.308094666409547,schedule
6073464,7.307518909663255,schedule
6074176,7.3057995080644496,schedule
6074751,7.305795458099475,schedule
6075375,7.305793968037905,schedule
6076429,7.305784455671649,schedule
6077882,7.305772050760007,schedule
6078663,7.305735567654063,schedule
6079397,7.305712117985561,schedule
6082465,7.305689100384156,schedule
6083421,7.305679763923153,schedule
6086320,7.305297607979599,schedule
6088056,7.305208127175156,schedule
6089932,7.305205640372396,schedule
6090906,7.304945417191067,schedule
6091741,7.30473756794022,schedule
6094085,7.304730138172637,schedule
6094728,7.3046760143854685,schedule
6095414,7.304621051070687,schedule
6096035,7.304436473064588,schedule
6096709,7.304432779085247,schedule
6097911,7.304406785820936,schedule
6098579,7.304346161177991,schedule
6099877,7.30434236696043,schedule
6100530,7.304337595655523,schedule
6101171,7.304233984041031,schedule
6101959,7.304185996461862,schedule
6103076,7.303805362133976,schedule
6103655,7.303576309567417,schedule
6105318,7.3035649193238195,schedule
6106096,7.303540596410973,schedule
6107188,7.303358442936807,schedule
6108564,7.303357454498545,schedule
6109194,7.303318896208149,schedule
6109999,7.303128134505049,schedule
6110577,7.303026277179266,schedule
6111968,7.302981726302867,schedule
6112558,7.302949147892012,schedule
6113129,7.302917430833953,schedule
6113784,7.30290587570825,schedule
6114698,7.30290342762054,schedule
6115345,7.302899491569447,schedule
6116293,7.302837171301262,schedule
6116939,7.3028101561989605,schedule
6118008,7.302802524980516,schedule
6118909,7.302796274039961,schedule
6119479,7.302751018343669,schedule
6120184,7.302741773211645,schedule
6121011,7.302703966826706,schedule
6123023,7.3026029419541425,schedule
6123607,7.302564096483256,schedule
6124348,7.302384910303073,schedule
6124956,7.302107718817234,schedule
6125522,7.3021048640957895,schedule
6126181,7.302101112648781,schedule
6126875,7.302065378681599,schedule
6127406,7.302024363829831,schedule
6127944,7.30198876119535,schedule
6128653,7.301853421344146,schedule
6129235,7.301824917025305,schedule
6129838,7.301816214718169,schedule
6130558,7.301810075927396,schedule
6131247,7.301652631117262,schedule
6131934,7.301633529812067,schedule
6132606,7.301436200452403,schedule
6133232,7.300957840563473,schedule
6170411,7.296839572198855,schedule
6278430,7.296837668391092,schedule
6279113,7.296817745446902,schedule
6281793,7.296698301332494,schedule
6284133,7.296689616275598,schedule
6286491,7.296687536315466,schedule
6288822,7.296681174780433,schedule
6289459,7.296639572569941,schedule
6291095,7.296432684809453,schedule
6292722,7.296416131279882,schedule
6293658,7.296378420541838,schedule
6295177,7.29637674307129,schedule
6298046,7.2963628561712,schedule
6299736,7.296361186629448,schedule
6300544,7.296343954610548,schedule
6302407,7.296328576602297,schedule
6304213,7.2962940836738,schedule
6305353,7.296286323926778,schedule
6306318,7.29627842683586,schedule
6306947,7.29623110762899,schedule
6307690,7.2962258775774975,schedule
6310104,7.296051350709937,schedule
6311097,7.295959432619424,schedule
6311703,7.295957288602049,schedule
6312648,7.295927385901764,schedule
6313190,7.295927322066236,schedule
6313741,7.2958821998922785,schedule
6314474,7.295755818997995,schedule
6315405,7.295753772444476,schedule
6316598,7.295441753355555,schedule
6317644,7.295418625116503,schedule
6318551,7.29538390322415,schedule
6319190,7.295379958500621,schedule
6320845,7.295374587833992,schedule
6322151,7.295158137353915,schedule
6322885,7.29505297143802,schedule
6324649,7.2950524865486,schedule
6326635,7.294679875184797,schedule
6327465,7.294677980335222,schedule
6328801,7.294486976966818,schedule
6329502,7.294441145359407,schedule
6330321,7.294427386309581,schedule
6330920,7.294387121812358,schedule
6331620,7.29437279823763,schedule
6332558,7.294311514773971,schedule
6333358,7.294307485293588,schedule
6334023,7.294279822248646,schedule
6334618,7.294274798831038,schedule
6335217,7.293960576484997,schedule
6335810,7.288854600941125,schedule
6336440,7.2885683160800045,schedule
6337157,7.288522896483983,schedule
6338916,7.288498600777609,schedule
6340022,7.288479491079896,schedule
6340590,7.288479282058285,schedule
6342080,7.288372617254291,schedule
6342566,7.287891888288243,schedule
6343131,7.28786447972552,schedule
6343677,7.287838893974974,schedule
6344419,7.2877245302309825,schedule
6345507,7.287713955057173,schedule
6346375,7.2876965097636965,schedule
6347762,7.28748041201827,schedule
6348508,7.287248654940686,schedule
6349196,7.287147774152716,schedule
6349799,7.287044068645478,schedule
6351294,7.286938431794936,schedule
6352297,7.286919682991782,schedule
6353138,7.286918388185567,schedule
6354201,7.286909147068601,schedule
6354871,7.286852636835154,schedule
6355702,7.286766149287395,schedule
6356320,7.286721166924672,schedule
6357119,7.286707310083224,schedule
6357851,7.286542674618053,schedule
6358716,7.2863526548487805,schedule
6359676,7.286336352908666,schedule
6360354,7.286262942703706,schedule
6361015,7.286251087079246,schedule
6361562,7.28625106321863,schedule
6363494,7.285607123111301,schedule
6364184,7.283880594718534,schedule
6364900,7.283877365526882,schedule
6366095,7.283712804534173,schedule
6367652,7.283706411465656,schedule
6371150,7.283697742174119,schedule
6376954,7.283690961047684,schedule
6378865,7.283662147895458,schedule
6380503,7.283653404032707,schedule
6382106,7.283578180458533,schedule
6383678,7.2835771121742985,schedule
6385898,7.283551827008906,schedule
6386477,7.28351892336206,schedule
6389753,7.283509861803988,schedule
6390514,7.283473248280459,schedule
6391293,7.283468972491211,schedule
6393476,7.283363370357389,schedule
6394347,7.2832550616735094,schedule
6394997,7.2832480321905795,schedule
6395676,7.283222852422762,schedule
6396762,7.2832167917316655,schedule
6397413,7.283185302140647,schedule
6398492,7.283179891496655,schedule
6399109,7.283155957330898,schedule
6401096,7.283143091071362,schedule
6402050,7.283123490312253,schedule
6402718,7.2829953947723265,schedule
6403339,7.282995161124458,schedule
6404092,7.2829860912489925,schedule
6404799,7.282941365184646,schedule
6405460,7.282897796527488,schedule
6406078,7.282759119385381,schedule
6406736,7.282755090150613,schedule
6407368,7.282738181473875,schedule
6407951,7.282732867846079,schedule
6408912,7.282542409883027,schedule
6409829,7.28253125615903,schedule
6410578,7.282158084626524,schedule
6411354,7.282150724239804,schedule
6412440,7.281951576409455,schedule
6413157,7.281942721852898,schedule
6414276,7.281930628351651,schedule
6414893,7.281886971342101,schedule
6415544,7.281878922003547,schedule
6416294,7.281869293166746,schedule
6417732,7.281833654760117,schedule
6418481,7.281773698624703,schedule
6419187,7.281725740579179,schedule
6419817,7.281557095451732,schedule
6420867,7.2812813363865825,schedule
6421623,7.281281301616804,schedule
6422256,7.281095669116325,schedule
6423075,7.281086273606816,schedule
6423647,7.28100361568577,schedule
6424181,7.281002388102804,schedule
6424901,7.280662602994718,schedule
6425488,7.28064271297441,schedule
6462316,7.2782424265659635,schedule
6479395,7.278221729344711,schedule
6480961,7.278018725655396,schedule
6482032,7.278018639406292,schedule
6485352,7.278016877815029,schedule
6487015,7.2780094484958,schedule
6488197,7.278006785921152,schedule
6489904,7.2779876368611,schedule
6490947,7.2779780248928985,schedule
6492605,7.277970570149515,schedule
6494080,7.277917570881503,schedule
6497447,7.277915694001168,schedule
6499605,7.277905168698085,schedule
6500264,7.277871758637427,schedule
6502328,7.277860264193805,schedule
6503790,7.277846642773542,schedule
6504394,7.277843083095012,schedule
6505513,7.277839821603165,schedule
6506105,7.277810128672278,schedule
6507026,7.277803203793465,schedule
6507690,7.277798617400868,schedule
6508383,7.277798084638806,schedule
6511158,7.2777723983587475,schedule
6511813,7.277770778329228,schedule
6512456,7.277590558214398,schedule
6513031,7.277542094911151,schedule
6513749,7.2775121672083705,schedule
6514388,7.277512160896981,schedule
6515025,7.277501968283437,schedule
6515623,7.277235403330338,schedule
6516346,7.277222619420857,schedule
6516916,7.277205514818005,schedule
6517734,7.277166309827193,schedule
6519065,7.276910811310463,schedule
6520590,7.276908781117636,schedule
6521708,7.276864250745957,schedule
6522722,7.2768582876040515,schedule
6524262,7.276855614448215,schedule
6526041,7.27685529972254,schedule
6527390,7.276852971709517,schedule
6528651,7.276514411950907,schedule
6529504,7.276512016849727,schedule
6530791,7.276466408474013,schedule
6531370,7.276327058084117,schedule
6532007,7.276259335710072,schedule
6532879,7.276250013202889,schedule
6533508,7.2762229849227245,schedule
6534350,7.276217223043537,schedule
6535227,7.276215804780182,schedule
6536070,7.276210734828422,schedule
6536706,7.276149086423431,schedule
6537394,7.276092257962322,schedule
6538043,7.275802166768913,schedule
6538651,7.270567316685507,schedule
6539329,7.270253394065537,schedule
6541532,7.270242008871496,schedule
6542361,7.270227122169881,schedule
6543112,7.270099087305827,schedule
6543879,7.270095567832813,schedule
6544455,7.270095414711567,schedule
6545779,7.27001233932445,schedule
6546695,7.269569258926429,schedule
6547370,7.269561610344217,schedule
6548083,7.269550498974248,schedule
6548823,7.2694025829535995,schedule
6550110,7.26939362630666,schedule
6550699,7.269316858548711,schedule
6551939,7.269293382209002,schedule
6552580,7.269137113416645,schedule
6553224,7.269017312475002,schedule
6554255,7.268967566770089,schedule
6555750,7.2688773202394605,schedule
6556722,7.268859742487531,schedule
6557386,7.26884938571574,schedule
6557960,7.268843983685304,schedule
6559009,7.268837074370171,schedule
6559626,7.26881000862223,schedule
6560228,7.268776665516293,schedule
6560819,7.268608323262283,schedule
6561495,7.268566006911,schedule
6562291,7.268553434793763,schedule
6562916,7.268482071082193,schedule
6563600,7.268371562863354,schedule
6564963,7.2683569147333955,schedule
6565616,7.268298526363839,schedule
6566274,7.268212652044671,schedule
6566849,7.268212595648144,schedule
6567534,7.268126446000089,schedule
6568354,7.268040497866293,schedule
6570013,7.26747904183523,schedule
6570723,7.265825139011951,schedule
6571958,7.2657455963415565,schedule
6573431,7.265740621821337,schedule
6574093,7.265739229682673,schedule
6575118,7.265735014733694,schedule
6577991,7.265724965804753,schedule
6585663,7.265722187523754,schedule
6586692,7.2657094537868305,schedule
6587282,7.26570110234937,schedule
6587961,7.265609028249756,schedule
6590503,7.265605658307366,schedule
6591233,7.265595507280196,schedule
6591939,7.265549110944353,schedule
6592566,7.265508450285601,schedule
6593599,7.265502011928897,schedule
6594542,7.265487890773036,schedule
6597857,7.265486779752461,schedule
6598400,7.265475316271548,schedule
6599063,7.265399416783293,schedule
6599746,7.265288827048272,schedule
6600362,7.265221475422235,schedule
6602059,7.265221004663702,schedule
6602818,7.265197518876421,schedule
6603400,7.265161296714667,schedule
6604125,7.265133469658345,schedule
6604735,7.265093175458709,schedule
6605414,7.265092979131956,schedule
6606508,7.265090568883777,schedule
6607359,7.265046942795706,schedule
6607992,7.264724462584535,schedule
6608640,7.2647240624379545,schedule
6610926,7.264653499520662,schedule
6611581,7.264144602731685,schedule
6612673,7.264144245521611,schedule
6613404,7.263801018888318,schedule
6613955,7.263594224256159,schedule
6614669,7.263535811632167,schedule
6615326,7.263492290984791,schedule
6616084,7.263481998677078,schedule
6617253,7.263414462898531,schedule
6618192,7.262836077039782,schedule
6618837,7.262424284879543,schedule
6619805,7.262412711759401,schedule
6620756,7.262398241772198,schedule
6621397,7.262389824363913,schedule
6622379,7.262387187065095,schedule
6623477,7.2623813932871295,schedule
6624627,7.2621184312264635,schedule
6625412,7.262117674901034,schedule
6663185,7.26003058170145,schedule
6770397,7.260026738661878,schedule
6772359,7.260026673797574,schedule
6779121,7.260012625794455,schedule
6781649,7.259999390792712,schedule
6785030,7.259997752873862,schedule
6786022,7.259994613683304,schedule
6789270,7.259986225572456,schedule
6790006,7.259978974603565,schedule
6791578,7.259977410161682,schedule
6792723,7.259975056994075,schedule
6793933,7.259972068449738,schedule
6794643,7.259929550419949,schedule
6797394,7.259928752724817,schedule
6798160,7.259830978893654,schedule
6798863,7.259782648631272,schedule
6799503,7.259781468583388,schedule
6801223,7.2597252959910765,schedule
6803048,7.259719920927253,schedule
6804108,7.25971932991697,schedule
6805223,7.259717078276089,schedule
6806010,7.259706587590155,schedule
6807385,7.259701029611685,schedule
6809063,7.259700611487695,schedule
6810336,7.259682462425884,schedule
6811561,7.259375268773296,schedule
6812390,7.259371038557058,schedule
6813185,7.259343136084058,schedule
6814599,7.259308299521487,schedule
6815416,7.259298474917556,schedule
6815992,7.259280470082188,schedule
6817137,7.2591739593419105,schedule
6817727,7.259164708523652,schedule
6818617,7.259162803294083,schedule
6819296,7.259150799411554,schedule
6820110,7.258712103822676,schedule
6820746,7.253937282345161,schedule
6821426,7.253410870751672,schedule
6823631,7.253389683042196,schedule
6824375,7.253388305973806,schedule
6825146,7.253300540836937,schedule
6825917,7.253300102876911,schedule
6826584,7.25329993511468,schedule
6828381,7.252906059321111,schedule
6829181,7.252902262688048,schedule
6830021,7.252775291862178,schedule
6830744,7.2526979355032575,schedule
6831950,7.25269258872226,schedule
6832795,7.252690900881329,schedule
6833401,7.252675595398011,schedule
6833993,7.252672551531584,schedule
6836041,7.252646302135932,schedule
6837516,7.252569866680957,schedule
6838309,7.252549840271654,schedule
6838904,7.252521955332341,schedule
6839784,7.252514314055041,schedule
6840825,7.25250362833433,schedule
6841746,7.252412865444229,schedule
6842513,7.252365678283541,schedule
6843549,7.25223232485484,schedule
6844831,7.252222461125254,schedule
6845504,7.252184217322575,schedule
6846110,7.252180822689966,schedule
6846696,7.2521807866367665,schedule
6848522,7.252059976525253,schedule
6849189,7.251524758996507,schedule
6849916,7.249898694373599,schedule
6850529,7.249896013982485,schedule
6851163,7.249887035266876,schedule
6852171,7.249781940255963,schedule
6853654,7.24977653904525,schedule
6854845,7.249775048206024,schedule
6859877,7.249754042672578,schedule
6863325,7.24975350804025,schedule
6864862,7.2497443225449505,schedule
6866711,7.24973148388005,schedule
6868379,7.249711517750648,schedule
6869913,7.249699926928827,schedule
6871925,7.249697831660175,schedule
6872532,7.249658908824936,schedule
6873140,7.249654417289264,schedule
6873784,7.249590275024555,schedule
6875660,7.249567837350321,schedule
6877535,7.249564701244212,schedule
6878127,7.249540326764399,schedule
6878762,7.24939752161168,schedule
6879316,7.248667177976307,schedule
6880008,7.248591271544008,schedule
6881010,7.248587351915376,schedule
6882096,7.2485870511442645,schedule
6883142,7.248585366372952,schedule
6884206,7.248512788581828,schedule
6884860,7.248504884506321,schedule
6886149,7.2485006447790985,schedule
6886767,7.248475570610017,schedule
6887525,7.248461832998634,schedule
6888169,7.24843302469931,schedule
6888898,7.248431652890259,schedule
6891104,7.248404240531381,schedule
6891716,7.24837531095184,schedule
6892335,7.248352208620088,schedule
6892916,7.248344223653355,schedule
6893776,7.248324236244154,schedule
6894454,7.24832396817565,schedule
6895127,7.247983340545846,schedule
6895708,7.247846612678069,schedule
6896376,7.24743783904095,schedule
6897011,7.247371072785598,schedule
6897702,7.247266131880598,schedule
6898422,7.247218176306127,schedule
6899018,7.247213029540295,schedule
6899881,7.247131448857066,schedule
6900548,7.246862692045364,schedule
6901515,7.246840726287687,schedule
6902404,7.246814419633643,schedule
6903610,7.246794714432318,schedule
6904252,7.246789242980161,schedule
6905068,7.246786896552867,schedule
6905951,7.246773951652518,schedule
6906940,7.246767673097119,schedule
6907945,7.246450651437984,schedule
6908715,7.246072577680681,schedule
6909359,7.2460191008900585,schedule
6910319,7.245932922304766,schedule
6911790,7.245932721917057,schedule
6912800,7.245906035850755,schedule
6913411,7.245905511701602,schedule
6914025,7.245617293267224,schedule
6914883,7.24558035329263,schedule
6915486,7.245549552166494,schedule
6916114,7.245541036142397,schedule
6916865,7.245203494370285,schedule
6917453,7.2452032519638,schedule
6953878,7.242585965159114,schedule
6970338,7.24258386433773,schedule
6971896,7.242531265274109,schedule
6972828,7.242531282226948,schedule
6973446,7.242531197967812,schedule
6976623,7.242509921885006,schedule
6980212,7.24248410912147,schedule
6982529,7.242472161930925,schedule
6987402,7.242457617223726,schedule
6988019,7.2423994370065925,schedule
6989418,7.242373648523624,schedule
6990380,7.242349954036875,schedule
6992070,7.242347997605564,schedule
6992729,7.24234516053262,schedule
6993914,7.2423428025093735,schedule
6994586,7.242303339735018,schedule
6995720,7.242301079504327,schedule
6998483,7.242221293422689,schedule
6999134,7.2422205099298465,schedule
6999906,7.2420612056903275,schedule
7000598,7.2419978529544835,schedule
7001205,7.241978846133097,schedule
7002111,7.241963902565116,schedule
7003256,7.241805973749209,schedule
7005431,7.241802176767139,schedule
7006534,7.241801369163716,schedule
7007658,7.241797614239871,schedule
7008424,7.241773045872326,schedule
7010925,7.241771867083596,schedule
7012890,7.241517184689436,schedule
7013718,7.241514276643557,schedule
7015355,7.241472109621365,schedule
7016150,7.241465356878024,schedule
7016778,7.241460669256634,schedule
7017797,7.241416396625826,schedule
7018381,7.241394635628293,schedule
7018906,7.241370691483502,schedule
7019602,7.2412080090683215,schedule
7020369,7.241179735702297,schedule
7020949,7.2411693498166745,schedule
7021553,7.240752180838885,schedule
7022136,7.236253753883383,schedule
7022776,7.235647403952615,schedule
7023519,7.235602407256686,schedule
7025548,7.235598165963473,schedule
7026362,7.235597727791377,schedule
7027480,7.2355975820687055,schedule
7029378,7.235227518029542,schedule
7030118,7.235217101176596,schedule
7030883,7.235020025735314,schedule
7031623,7.234897311744208,schedule
7032247,7.234890848797039,schedule
7033530,7.23488036897261,schedule
7034154,7.234860031492455,schedule
7034696,7.234856123721228,schedule
7036193,7.234576344647456,schedule
7036844,7.234425951499971,schedule
7037624,7.234347359426765,schedule
7038368,7.234341863136969,schedule
7039959,7.234290817715437,schedule
7041150,7.234144933766834,schedule
7041743,7.234139463446741,schedule
7042790,7.23412703180256,schedule
7043607,7.234086123292575,schedule
7044319,7.234040999307736,schedule
7045006,7.234002200242068,schedule
7045762,7.2338733040918655,schedule
7046718,7.233868489647784,schedule
7047610,7.23386151278613,schedule
7048262,7.233836538687797,schedule
7048866,7.233826696499805,schedule
7049461,7.2338266299375125,schedule
7050104,7.233826622227021,schedule
7051020,7.233753016941219,schedule
7052168,7.233707811259698,schedule
7052919,7.233128280418996,schedule
7053638,7.231466367233894,schedule
7054362,7.231462148622059,schedule
7055397,7.231413972611648,schedule
7056860,7.231408864805561,schedule
7057940,7.231392288000094,schedule
7060983,7.231365219486629,schedule
7061806,7.231365135626703,schedule
7066081,7.230924985729122,schedule
7068559,7.2308216828786875,schedule
7069770,7.230804993383514,schedule
7071346,7.230793982750162,schedule
7072992,7.2307410215855725,schedule
7074950,7.230534729243464,schedule
7076015,7.230530165989915,schedule
7076942,7.23052825425502,schedule
7077594,7.230514399639069,schedule
7078223,7.230410347493033,schedule
7080052,7.230100496127648,schedule
7080720,7.230099030784359,schedule
7082303,7.2300985087893,schedule
7083039,7.230030773765362,schedule
7083804,7.229065566331554,schedule
7113170,7.228071218640649,schedule
7159538,7.228061068102994,schedule
7160304,7.228060958143695,schedule
7161943,7.228060412318467,schedule
7162577,7.228060289478327,schedule
7165847,7.228042594437168,schedule
7170735,7.227902630142077,schedule
7172240,7.227887611745302,schedule
7173117,7.227857885245355,schedule
7173791,7.227754674202906,schedule
7178080,7.227754170948299,schedule
7178701,7.227734162100212,schedule
7202543,7.227511486424272,schedule
